Date,Open,High,Low,Close,Volume
2021-07-19,1008.0,1023.5999755859375,965.75,968.0499877929688,148182
2021-07-20,919.6500244140625,960.0,919.6500244140625,919.6500244140625,60558
2021-07-22,875.0,965.5999755859375,873.7000122070312,964.5499877929688,245402
2021-07-23,950.0,990.0,922.5999755859375,963.5999755859375,82138
2021-07-26,963.5999755859375,965.0,930.0,939.7000122070312,56957
2021-07-27,920.0,945.0,899.9000244140625,901.0999755859375,74722
2021-07-28,900.0999755859375,946.1500244140625,871.0,940.75,89316
2021-07-29,958.0,960.0,894.0,937.9000244140625,83398
2021-07-30,945.0,950.0,891.0499877929688,893.4500122070312,166571
2021-08-02,911.3499755859375,927.6500244140625,885.0,908.7999877929688,76338
2021-08-03,910.0,925.0,900.0,911.5,163956
2021-08-04,925.5,939.0,894.0,932.2000122070312,86138
2021-08-05,915.25,949.7999877929688,900.0,947.0499877929688,75534
2021-08-06,945.0,974.9500122070312,930.0,964.3499755859375,124924
2021-08-09,964.0,965.0,940.0,958.7999877929688,50534
2021-08-10,964.0,964.7000122070312,925.0,948.4000244140625,66947
2021-08-11,919.25,949.0,901.0,946.7000122070312,119901
2021-08-12,950.0,959.0,918.0,955.0499877929688,58601
2021-08-13,929.0,977.0,926.0,971.1500244140625,84006
2021-08-16,952.5,980.0,925.0,977.75,51810
2021-08-17,959.0,1026.5999755859375,959.0,1024.0,151970
2021-08-18,1010.0,1075.199951171875,1010.0,1075.199951171875,112115
2021-08-20,1099.0,1128.949951171875,1075.0,1123.449951171875,230830
2021-08-23,1157.0,1179.5999755859375,1150.0,1179.5999755859375,160423
2021-08-24,1238.550048828125,1238.550048828125,1238.550048828125,1238.550048828125,56395
2021-08-25,1300.449951171875,1300.449951171875,1300.449951171875,1300.449951171875,84516
2021-08-26,1365.449951171875,1365.449951171875,1365.449951171875,1365.449951171875,799750
2021-08-27,1433.699951171875,1433.699951171875,1297.199951171875,1433.699951171875,744032
2021-08-30,1460.199951171875,1505.3499755859375,1450.0,1505.3499755859375,401671
2021-08-31,1521.0,1580.5999755859375,1520.300048828125,1580.5999755859375,545234
2021-09-01,1659.5999755859375,1659.5999755859375,1659.5999755859375,1659.5999755859375,792279
2021-09-02,1638.0,1698.800048828125,1576.6500244140625,1672.1500244140625,690664
2021-09-03,1740.0,1755.75,1590.300048828125,1750.5,677648
2021-09-06,1784.0,1789.0,1700.0,1724.550048828125,499867
2021-09-07,1750.0,1750.0,1638.3499755859375,1694.25,285003
2021-09-08,1689.0,1748.9000244140625,1638.949951171875,1733.5,452814
2021-09-09,1768.1500244140625,1820.1500244140625,1710.550048828125,1806.75,621789
2021-09-13,1781.0,1875.0,1773.949951171875,1871.4000244140625,1980397
2021-09-14,1950.0,1954.1500244140625,1891.449951171875,1942.699951171875,1952043
2021-09-15,1990.0,1990.0,1922.9000244140625,1944.050048828125,1338240
2021-09-16,1940.0,1981.050048828125,1868.9000244140625,1916.1500244140625,314449
2021-09-17,1820.3499755859375,1820.3499755859375,1820.3499755859375,1820.3499755859375,8091432
2021-09-20,1729.3499755859375,1729.3499755859375,1729.3499755859375,1729.3499755859375,677675
2021-09-21,1642.9000244140625,1642.9000244140625,1642.9000244140625,1642.9000244140625,319006
2021-09-22,1560.800048828125,1725.0,1560.800048828125,1560.800048828125,835775
2021-09-23,1482.800048828125,1599.949951171875,1482.800048828125,1547.5999755859375,725520
2021-09-24,1520.0,1550.0,1501.0999755859375,1542.1500244140625,178331
2021-09-27,1512.0,1593.0,1495.050048828125,1578.4000244140625,231569
2021-09-28,1590.0,1590.0,1539.949951171875,1549.9000244140625,294035
2021-09-29,1543.0,1588.0,1502.0999755859375,1530.5999755859375,243398
2021-09-30,1540.0,1564.0,1511.0,1558.5,156084
2021-10-01,1558.5,1590.0999755859375,1525.0,1577.8499755859375,115660
2021-10-04,1577.8499755859375,1656.699951171875,1552.0,1636.0,98132
2021-10-05,1674.800048828125,1717.800048828125,1656.699951171875,1717.800048828125,104466
2021-10-06,1749.0,1797.699951171875,1748.0,1764.5,151949
2021-10-07,1797.0,1799.0,1729.25,1764.300048828125,103320
2021-10-08,1730.1500244140625,1750.0,1676.0999755859375,1678.699951171875,119791
2021-10-11,1682.0,1707.0,1635.0,1696.699951171875,70249
2021-10-12,1696.0,1715.0,1631.6500244140625,1688.800048828125,63319
2021-10-13,1664.0,1718.0,1662.699951171875,1702.75,225360
2021-10-14,1665.0,1709.800048828125,1665.0,1687.300048828125,79969
2021-10-18,1699.0,1755.0,1690.0,1748.199951171875,106547
2021-10-19,1760.0,1772.0,1717.0,1745.050048828125,89220
2021-10-20,1700.0,1750.0,1680.0,1710.199951171875,70059
2021-10-21,1727.300048828125,1795.699951171875,1624.699951171875,1789.5999755859375,208668
2021-10-22,1774.0,1827.0,1740.0,1809.0,141854
2021-10-25,1828.0,1890.0,1800.0,1869.9000244140625,170443
2021-10-26,1864.0,1899.949951171875,1800.0,1854.8499755859375,62879
2021-10-27,1832.0,1896.0,1800.0,1874.25,65583
2021-10-28,1836.800048828125,1874.449951171875,1780.550048828125,1793.0,77690
2021-10-29,1765.0,1828.9000244140625,1703.3499755859375,1767.4000244140625,103463
2021-11-01,1783.9000244140625,1799.0,1705.0,1760.550048828125,87991
2021-11-02,1758.9000244140625,1790.0,1715.0,1758.300048828125,37465
2021-11-03,1740.0,1846.199951171875,1740.0,1843.3499755859375,128939
2021-11-04,1850.0,1885.0,1790.3499755859375,1817.5,13649
2021-11-08,1850.0,1875.0,1801.0,1844.5,148371
2021-11-09,1816.0,1888.0,1809.0,1859.800048828125,65202
2021-11-10,1830.050048828125,1880.0,1823.0,1872.8499755859375,58596
2021-11-11,1840.050048828125,1942.0,1840.050048828125,1893.699951171875,109785
2021-11-12,1929.75,1988.3499755859375,1900.0,1988.3499755859375,206635
2021-11-15,1999.0,2007.699951171875,1912.0,1935.8499755859375,62255
2021-11-16,1919.0,1930.0,1850.0,1877.9000244140625,79160
2021-11-17,1898.0,1924.699951171875,1830.0,1857.5,81541
2021-11-18,1880.0,1929.5,1789.9000244140625,1913.300048828125,79598
2021-11-22,1930.0,1935.050048828125,1817.6500244140625,1913.449951171875,79041
2021-11-23,1883.0,1965.0,1855.0,1954.550048828125,73085
2021-11-24,1916.050048828125,1985.0,1904.0,1937.0,79162
2021-11-25,1949.0,2033.8499755859375,1910.3499755859375,2029.5999755859375,139622
2021-11-26,1945.0,2045.0,1940.5,1993.8499755859375,125504
2021-11-29,1924.5999755859375,1950.0,1894.199951171875,1894.199951171875,110799
2021-11-30,1802.0,1865.5,1799.5,1799.5,966317
2021-12-01,1709.550048828125,1875.25,1709.550048828125,1797.1500244140625,233863
2021-12-02,1795.0999755859375,1887.0,1760.0,1885.199951171875,162346
2021-12-03,1875.4000244140625,1900.449951171875,1840.0,1868.300048828125,457542
2021-12-06,1868.9000244140625,1900.0,1840.0999755859375,1874.1500244140625,104084
2021-12-07,1875.0,1915.0,1850.3499755859375,1892.449951171875,519320
2021-12-08,1855.0,1913.9000244140625,1853.0,1882.699951171875,479596
2021-12-09,1857.0999755859375,1900.0,1856.300048828125,1880.550048828125,56535
2021-12-10,1860.0,1900.0,1860.0,1874.199951171875,393987
2021-12-13,1855.0,1887.0,1781.0,1812.5999755859375,402452
2021-12-14,1848.800048828125,1885.0,1820.0,1872.699951171875,410771
2021-12-15,1872.699951171875,1895.0,1842.0,1859.8499755859375,331803
2021-12-16,1872.0,1888.800048828125,1820.0,1839.8499755859375,376249
2021-12-17,1803.050048828125,1872.0999755859375,1750.0,1777.199951171875,539171
2021-12-20,1688.3499755859375,1731.6500244140625,1688.3499755859375,1695.199951171875,283959
2021-12-21,1696.0,1779.949951171875,1696.0,1769.5999755859375,33073
2021-12-22,1825.0,1839.0,1750.199951171875,1807.3499755859375,361249
2021-12-23,1790.0,1835.0,1790.0,1822.449951171875,256791
2021-12-24,1792.0,1829.9000244140625,1760.5,1768.4000244140625,317175
2021-12-27,1827.949951171875,1830.0,1733.0,1746.550048828125,278349
2021-12-28,1785.0,1790.050048828125,1720.0,1736.699951171875,71843
2021-12-29,1730.0,1730.0,1700.0,1727.800048828125,27706
2021-12-30,1720.0,1720.0,1650.25,1683.4000244140625,72276
2021-12-31,1685.0,1750.0,1685.0,1740.8499755859375,55058
2022-01-03,1735.0,1755.0,1710.0,1731.0999755859375,32602
2022-01-04,1731.0999755859375,1775.0,1700.0,1754.949951171875,42498
2022-01-05,1706.0999755859375,1780.5,1706.0999755859375,1761.050048828125,54105
2022-01-06,1730.0,1770.0,1710.0,1760.050048828125,51023
2022-01-07,1740.0999755859375,1780.0,1721.8499755859375,1776.0,64894
2022-01-10,1742.0999755859375,1834.0,1742.0999755859375,1819.699951171875,68601
2022-01-11,1839.0,1889.0,1770.0,1867.449951171875,100209
2022-01-12,1880.0,1958.0,1822.5,1928.25,108933
2022-01-13,1973.9000244140625,2024.6500244140625,1906.0,2019.699951171875,143323
2022-01-14,1998.0,2030.0,1930.0,2020.5999755859375,55454
2022-01-17,1995.0,2016.0,1970.199951171875,2002.699951171875,78536
2022-01-18,2002.699951171875,2050.0,1981.0,2026.75,81437
2022-01-19,2040.0,2049.39990234375,1950.0,2043.25,47517
2022-01-20,2002.550048828125,2049.89990234375,1975.0,2039.75,48408
2022-01-21,2037.0,2141.0,1984.0,2066.800048828125,82788
2022-01-24,2097.0,2125.0,1963.5,2035.9000244140625,85918
2022-01-25,1950.0,2089.0,1934.1500244140625,1992.449951171875,198926
2022-01-27,2005.0,2059.300048828125,1920.0,2009.300048828125,94304
2022-01-28,2000.0,2075.0,1960.0,1986.800048828125,231963
2022-01-31,2020.0,2046.300048828125,1950.0,1970.9000244140625,153177
2022-02-01,1931.5,2039.0,1930.0,1986.9000244140625,437813
2022-02-02,1975.0,2029.0,1975.0,2016.0,364854
2022-02-03,2010.0,2040.0,1977.0,2006.199951171875,325157
2022-02-04,2014.0,2050.0,1987.8499755859375,2033.0999755859375,328615
2022-02-07,2033.0999755859375,2069.5,2000.0,2028.5,43314
2022-02-08,2044.0,2045.0,1935.0,1968.300048828125,261310
2022-02-09,1969.949951171875,2018.0,1932.0999755859375,1955.199951171875,257200
2022-02-10,1955.9000244140625,2052.949951171875,1955.300048828125,2036.4000244140625,301717
2022-02-11,2050.0,2050.0,1980.0,2016.050048828125,247110
2022-02-14,1960.0,2014.5,1915.25,1915.25,74858
2022-02-15,1898.0,1938.199951171875,1820.0999755859375,1926.949951171875,128675
2022-02-16,1940.9000244140625,2010.199951171875,1912.0,1932.550048828125,119057
2022-02-17,1970.0,2027.0,1940.050048828125,2020.8499755859375,232186
2022-02-18,2018.0,2045.0,1940.0,1958.0999755859375,82693
2022-02-21,1960.0,1980.0,1870.0,1895.9000244140625,62791
2022-02-22,1861.0,1985.0,1810.0999755859375,1969.0999755859375,156505
2022-02-23,1995.0,2067.550048828125,1990.0,2060.14990234375,170487
2022-02-24,1990.0,2053.10009765625,1957.1500244140625,1957.300048828125,138084
2022-02-25,2005.1500244140625,2052.5,1985.0,2032.8499755859375,109214
2022-02-28,2030.0,2134.449951171875,1990.0,2134.39990234375,486895
2022-03-02,2111.0,2241.10009765625,2111.0,2241.050048828125,395273
2022-03-03,2300.0,2353.10009765625,2286.60009765625,2353.10009765625,456031
2022-03-04,2370.0,2464.300048828125,2256.550048828125,2323.199951171875,517693
2022-03-07,2272.800048828125,2365.0,2207.050048828125,2207.35009765625,226577
2022-03-08,2163.199951171875,2306.85009765625,2111.10009765625,2217.0,185989
2022-03-09,2300.699951171875,2305.050048828125,2136.89990234375,2164.64990234375,173127
2022-03-10,2228.0,2272.85009765625,2180.0,2272.75,308470
2022-03-11,2260.0,2323.699951171875,2211.050048828125,2307.25,163758
2022-03-14,2312.0,2333.300048828125,2252.050048828125,2268.300048828125,410270
2022-03-15,2275.0,2294.85009765625,2200.0,2217.550048828125,337239
2022-03-16,2235.0,2314.89990234375,2234.949951171875,2305.39990234375,510274
2022-03-17,2319.5,2420.64990234375,2317.0,2389.800048828125,2006144
2022-03-21,2379.89990234375,2379.89990234375,2275.0,2289.050048828125,239831
2022-03-22,2324.0,2384.75,2275.0,2338.050048828125,295672
2022-03-23,2368.300048828125,2440.0,2347.25,2406.699951171875,762205
2022-03-24,2415.0,2434.949951171875,2371.75,2414.39990234375,299163
2022-03-25,2416.0,2455.0,2406.35009765625,2448.75,121077
2022-03-28,2468.0,2475.0,2413.0,2439.0,120067
2022-03-29,2472.0,2496.050048828125,2430.0,2461.550048828125,154636
2022-03-30,2495.0,2583.89990234375,2338.5,2377.39990234375,649362
2022-03-31,2340.0,2405.0,2315.10009765625,2368.14990234375,345752
2022-04-01,2379.949951171875,2450.0,2355.10009765625,2421.449951171875,196411
2022-04-04,2419.0,2475.0,2401.949951171875,2453.5,330330
2022-04-05,2457.0,2515.0,2382.199951171875,2443.85009765625,455120
2022-04-06,2443.85009765625,2504.35009765625,2419.14990234375,2484.050048828125,247889
2022-04-07,2510.0,2721.85009765625,2382.300048828125,2449.64990234375,875734
2022-04-08,2539.949951171875,2576.75,2490.0,2540.25,346652
2022-04-11,2598.0,2794.25,2580.25,2756.5,585491
2022-04-12,2788.0,3000.0,2600.0,2680.550048828125,1405621
2022-04-13,2758.0,2802.10009765625,2660.550048828125,2690.75,628055
2022-04-18,2689.89990234375,2752.0,2580.0,2728.300048828125,532022
2022-04-19,2770.0,2808.75,2461.050048828125,2598.050048828125,743147
2022-04-20,2688.0,2750.0,2650.050048828125,2687.550048828125,719165
2022-04-21,2744.0,2747.699951171875,2663.0,2699.60009765625,420973
2022-04-22,2694.0,2706.0,2626.75,2658.550048828125,363276
2022-04-25,2655.5,2698.550048828125,2548.050048828125,2615.89990234375,160308
2022-04-26,2668.0,2869.39990234375,2655.050048828125,2812.550048828125,834855
2022-04-27,2849.699951171875,2870.0,2694.35009765625,2712.199951171875,603568
2022-04-28,2761.10009765625,2834.800048828125,2720.60009765625,2796.64990234375,476132
2022-04-29,2837.800048828125,2900.0,2702.0,2789.5,617737
2022-05-02,2774.0,2838.0,2695.0,2804.449951171875,315168
2022-05-04,2818.85009765625,2820.0,2741.75,2783.300048828125,300718
2022-05-05,2820.10009765625,2824.949951171875,2730.14990234375,2801.64990234375,235806
2022-05-06,2700.0,2871.25,2690.14990234375,2816.5,345791
2022-05-09,2792.5,2805.300048828125,2612.0,2703.449951171875,218125
2022-05-10,2703.0,2788.89990234375,2444.0,2482.550048828125,538084
2022-05-11,2446.0,2649.89990234375,2250.0,2296.0,825849
2022-05-12,2300.0,2413.89990234375,2142.050048828125,2187.050048828125,702311
2022-05-13,2231.0,2296.39990234375,2111.300048828125,2190.60009765625,394360
2022-05-16,2180.0,2273.949951171875,2116.25,2249.89990234375,317043
2022-05-17,2274.0,2355.0,2232.0,2333.39990234375,233157
2022-05-18,2361.39990234375,2450.0,2292.0,2316.0,384413
2022-05-19,2268.300048828125,2309.89990234375,2249.550048828125,2265.0,158207
2022-05-20,2340.0,2348.949951171875,2275.5,2310.949951171875,212364
2022-05-23,2313.0,2319.89990234375,2195.449951171875,2199.199951171875,225607
2022-05-24,2220.0,2229.449951171875,2122.10009765625,2196.5,195577
2022-05-25,2206.0,2206.0,2086.699951171875,2087.949951171875,152652
2022-05-26,2100.0,2192.300048828125,1983.5999755859375,2148.10009765625,332786
2022-05-27,2210.0,2220.0,2093.050048828125,2186.25,179723
2022-05-30,2199.0,2237.949951171875,2140.199951171875,2162.0,288673
2022-05-31,2150.0,2150.0,2053.89990234375,2055.0,1190728
2022-06-01,2002.0,2002.0,1952.25,1957.9000244140625,678831
2022-06-02,1955.050048828125,2043.0,1870.550048828125,2025.699951171875,518074
2022-06-03,2048.0,2067.800048828125,1934.0,1956.050048828125,325093
2022-06-06,2016.949951171875,2031.0,1925.0999755859375,2017.0999755859375,588718
2022-06-07,2023.1500244140625,2079.0,1971.0999755859375,2046.0,750281
2022-06-08,2060.0,2108.0,2022.25,2091.89990234375,226173
2022-06-09,2091.0,2130.0,2050.0,2116.5,481043
2022-06-10,2069.89990234375,2112.949951171875,2005.0,2051.89990234375,641867
2022-06-13,2012.75,2124.85009765625,2002.050048828125,2051.89990234375,592801
2022-06-14,2041.5999755859375,2119.0,2040.5,2057.5,353481
2022-06-15,2086.0,2120.0,2038.300048828125,2057.300048828125,396775
2022-06-16,2104.0,2150.0,2059.050048828125,2124.64990234375,596230
2022-06-17,2124.0,2136.0,2005.0,2032.5999755859375,542578
2022-06-20,2034.949951171875,2088.0,2013.0,2060.25,366365
2022-06-21,2068.0,2260.0,2060.25,2215.050048828125,286782
2022-06-22,2180.0,2220.0,2082.64990234375,2122.35009765625,591300
2022-06-23,2148.0,2168.0,2081.0,2105.0,463028
2022-06-24,2120.0,2168.949951171875,2095.050048828125,2152.10009765625,395909
2022-06-27,2162.550048828125,2179.949951171875,2118.050048828125,2140.550048828125,170984
2022-06-28,2150.0,2176.14990234375,2102.0,2163.39990234375,153729
2022-06-29,2130.0,2365.0,2130.0,2347.89990234375,1042073
2022-06-30,2355.949951171875,2499.89990234375,2355.949951171875,2473.64990234375,1018752
2022-07-01,2500.0,2583.699951171875,2226.300048828125,2400.64990234375,741152
2022-07-04,2448.699951171875,2521.75,2395.0,2423.10009765625,293299
2022-07-05,2465.0,2508.0,2427.949951171875,2476.300048828125,222016
2022-07-06,2492.0,2523.0,2475.0,2511.64990234375,203550
2022-07-07,2524.89990234375,2531.25,2445.0,2466.10009765625,206862
2022-07-08,2490.0,2574.0,2468.0,2545.89990234375,238893
2022-07-11,2545.0,2753.14990234375,2531.300048828125,2690.949951171875,753806
2022-07-12,2667.0,2812.0,2640.0,2749.800048828125,629867
2022-07-13,2773.0,2801.10009765625,2620.550048828125,2730.800048828125,417422
2022-07-14,2752.0,2965.0,2711.199951171875,2889.14990234375,685704
2022-07-15,2970.39990234375,3015.0,2841.10009765625,2889.35009765625,752850
2022-07-18,2922.0,3020.0,2911.300048828125,2980.5,1042670
2022-07-19,2965.0,3043.0,2930.0,3029.75,600437
2022-07-20,3042.0,3069.0,2977.25,3018.75,395496
2022-07-21,3004.0,3055.0,2993.300048828125,3043.75,470889
2022-07-22,3047.0,3059.300048828125,2928.64990234375,2977.449951171875,450566
2022-07-25,2989.800048828125,3024.0,2960.0,2969.75,294966
2022-07-26,2984.60009765625,3000.0,2966.0,2993.75,293918
2022-07-27,2993.75,3020.0,2958.699951171875,2996.10009765625,321156
2022-07-28,3014.0,3020.0,2965.0,3012.64990234375,364311
2022-07-29,3027.75,3137.949951171875,3014.14990234375,3109.60009765625,356048
2022-08-01,3129.89990234375,3284.39990234375,3100.800048828125,3261.75,546289
2022-08-02,3275.39990234375,3442.0,3256.050048828125,3421.449951171875,629139
2022-08-03,3435.050048828125,3538.0,3420.550048828125,3505.35009765625,522007
2022-08-04,3505.0,3548.0,3422.550048828125,3530.449951171875,523759
2022-08-05,3539.800048828125,3549.0,3182.800048828125,3313.550048828125,695816
2022-08-08,3314.0,3474.0,3261.0,3447.35009765625,458387
2022-08-10,3475.0,3475.0,3371.300048828125,3436.14990234375,339003
2022-08-11,3453.35009765625,3520.0,3404.75,3493.949951171875,341798
2022-08-12,3490.949951171875,3553.0,3462.60009765625,3535.60009765625,279712
2022-08-16,3553.300048828125,3588.89990234375,3537.0,3581.60009765625,289711
2022-08-17,3589.0,3625.0,3565.0,3597.64990234375,387697
2022-08-18,3591.35009765625,3628.39990234375,3555.949951171875,3599.550048828125,238819
2022-08-19,3600.0,3694.0,3590.0,3635.25,408096
2022-08-22,3633.0,3658.0,3436.449951171875,3486.39990234375,356510
2022-08-23,3415.0,3699.89990234375,3317.64990234375,3601.89990234375,570977
2022-08-24,3600.0,3770.0,3476.10009765625,3700.39990234375,1230027
2022-08-25,3669.0,3784.89990234375,3669.0,3715.800048828125,501051
2022-08-26,3734.39990234375,3785.0,3720.10009765625,3751.199951171875,287276
2022-08-29,3522.0,3917.0,3522.0,3855.550048828125,980009
2022-08-30,3910.0,4048.0,3880.0,3960.699951171875,1581530
2022-09-01,3982.0,3984.800048828125,3825.050048828125,3880.449951171875,595048
2022-09-02,3940.5,3971.85009765625,3832.199951171875,3866.550048828125,416381
2022-09-05,3862.800048828125,3920.0,3811.0,3881.25,388311
2022-09-06,3895.0,3979.89990234375,3890.0,3964.050048828125,607394
2022-09-07,3949.75,3950.0,3856.85009765625,3893.10009765625,455358
2022-09-08,3933.0,3945.0,3881.300048828125,3925.949951171875,303146
2022-09-09,3945.949951171875,3960.0,3905.0,3931.10009765625,414999
2022-09-12,3914.0,4044.39990234375,3891.14990234375,4006.0,425256
2022-09-13,4010.0,4075.0,3970.25,4037.050048828125,341353
2022-09-14,3900.0,4060.10009765625,3883.14990234375,3978.14990234375,248319
2022-09-15,4003.25,4190.0,3990.10009765625,4105.39990234375,778257
2022-09-16,4106.0,4236.75,3890.0,4094.75,997641
2022-09-19,4165.0,4217.4501953125,3991.10009765625,4029.39990234375,508773
2022-09-20,4114.0,4114.0,3986.0,4021.550048828125,408642
2022-09-21,4030.0,4060.0,3840.300048828125,3865.75,474339
2022-09-22,3877.949951171875,4039.75,3821.10009765625,3997.89990234375,629474
2022-09-23,4017.0,4033.89990234375,3840.0,3872.550048828125,367210
2022-09-26,3854.0,3854.0,3650.0,3713.0,364080
2022-09-27,3731.0,3795.050048828125,3582.0,3606.5,400150
2022-09-28,3589.0,3657.5,3540.5,3602.10009765625,364006
2022-09-29,3647.0,3775.800048828125,3350.699951171875,3406.39990234375,887218
2022-09-30,3350.0,3417.449951171875,3232.0,3289.800048828125,1128419
2022-10-03,3328.89990234375,3420.0,3000.0,3123.64990234375,1223636
2022-10-04,3244.0,3350.0,3135.0,3318.60009765625,1426522
2022-10-06,3363.85009765625,3415.75,3306.0,3358.75,755486
2022-10-07,3333.0,3349.0,3251.0,3278.60009765625,445396
2022-10-10,3220.0,3250.0,3180.0,3191.449951171875,262753
2022-10-11,3248.699951171875,3248.699951171875,3130.0,3154.35009765625,362412
2022-10-12,3170.14990234375,3239.949951171875,3092.550048828125,3187.949951171875,333287
2022-10-13,3188.0,3211.85009765625,3102.0,3121.10009765625,271143
2022-10-14,3204.0,3205.949951171875,3005.25,3035.300048828125,491098
2022-10-17,3045.0,3096.699951171875,2972.35009765625,3074.35009765625,369563
2022-10-18,3119.0,3300.0,3112.050048828125,3243.0,637598
2022-10-19,3261.0,3340.0,3103.0,3141.699951171875,806069
2022-10-20,3150.0,3300.0,3112.89990234375,3270.050048828125,842167
2022-10-21,3299.0,3319.89990234375,3200.449951171875,3273.699951171875,764057
2022-10-24,3300.0,3332.60009765625,3254.949951171875,3283.949951171875,82855
2022-10-25,3320.0,3324.949951171875,3150.0,3188.449951171875,541744
2022-10-27,3219.5,3300.0,3192.25,3282.449951171875,596955
2022-10-28,3298.89990234375,3298.89990234375,3220.25,3277.949951171875,515385
2022-10-31,3294.35009765625,3375.0,3259.449951171875,3348.699951171875,541936
2022-11-01,3358.10009765625,3364.949951171875,3292.10009765625,3342.449951171875,721760
2022-11-02,3350.0,3355.0,3282.0,3308.60009765625,595988
2022-11-03,3228.0,3324.300048828125,3228.0,3292.14990234375,535050
2022-11-04,3300.0,3335.0,3235.0,3319.449951171875,460864
2022-11-07,3349.0,3385.0,3291.050048828125,3332.449951171875,629372
2022-11-09,3346.10009765625,3385.0,3255.550048828125,3290.0,755739
2022-11-10,3273.14990234375,3330.0,3243.39990234375,3295.14990234375,980044
2022-11-11,3324.85009765625,3327.949951171875,3266.050048828125,3292.050048828125,859154
2022-11-14,3292.050048828125,3300.35009765625,3262.699951171875,3287.64990234375,932226
2022-11-15,3287.64990234375,3305.449951171875,3257.64990234375,3290.300048828125,939040
2022-11-16,3295.0,3295.0,3241.050048828125,3271.14990234375,969817
2022-11-17,3270.0,3285.0,3065.0,3117.550048828125,712438
2022-11-18,3125.0,3158.0,3066.5,3116.25,853311
2022-11-21,3075.0,3109.949951171875,3001.64990234375,3018.699951171875,976477
2022-11-22,3018.10009765625,3031.949951171875,2851.25,2875.14990234375,608750
2022-11-23,2890.0,2958.0,2820.0,2856.85009765625,894768
2022-11-24,2870.0,2878.449951171875,2768.85009765625,2790.85009765625,400184
2022-11-25,2790.85009765625,2795.0,2725.0,2739.60009765625,562296
2022-11-28,2741.0,2771.949951171875,2704.0,2716.14990234375,718413
2022-11-29,2716.0,2816.64990234375,2708.050048828125,2782.699951171875,733984
2022-11-30,2819.199951171875,2999.89990234375,2789.64990234375,2908.5,1531228
2022-12-01,2971.60009765625,2995.0,2800.0,2834.25,904665
2022-12-02,2849.949951171875,2849.949951171875,2725.0,2745.699951171875,880661
2022-12-05,2760.0,2780.300048828125,2700.0,2716.14990234375,413008
2022-12-06,2725.0,2785.0,2718.050048828125,2773.0,569457
2022-12-07,2782.0,2807.949951171875,2720.0,2741.550048828125,344577
2022-12-08,2755.300048828125,2767.449951171875,2671.050048828125,2691.39990234375,362799
2022-12-09,2704.89990234375,2716.60009765625,2630.0,2646.39990234375,363668
2022-12-12,2646.0,2705.800048828125,2614.050048828125,2687.85009765625,717849
2022-12-13,2697.85009765625,2704.85009765625,2631.10009765625,2652.800048828125,277895
2022-12-14,2658.0,2704.0,2640.050048828125,2672.449951171875,322503
2022-12-15,2666.0,2674.0,2632.0,2657.0,227563
2022-12-16,2650.5,2684.949951171875,2568.949951171875,2643.5,441252
2022-12-19,2656.75,2700.0,2627.0,2679.300048828125,160278
2022-12-20,2686.0,2700.0,2641.25,2688.35009765625,208608
2022-12-21,2688.449951171875,2740.85009765625,2600.0,2615.75,393405
2022-12-22,2620.0,2645.949951171875,2487.050048828125,2518.0,375524
2022-12-23,2496.0,2499.0,2240.85009765625,2270.199951171875,693487
2022-12-26,2279.949951171875,2493.050048828125,2181.5,2466.14990234375,1209774
2022-12-27,2490.800048828125,2583.25,2460.0,2501.800048828125,1177178
2022-12-28,2498.199951171875,2577.699951171875,2458.10009765625,2564.449951171875,980502
2022-12-29,2530.0,2760.0,2482.64990234375,2669.5,1008521
2022-12-30,2715.0,2761.60009765625,2555.0,2589.25,1142650
2023-01-02,2609.60009765625,2647.949951171875,2530.0,2549.5,682492
2023-01-03,2562.25,2609.75,2521.10009765625,2576.550048828125,441200
2023-01-04,2575.0,2576.550048828125,2500.0,2512.699951171875,350134
2023-01-05,2525.300048828125,2580.0,2437.800048828125,2554.14990234375,567439
2023-01-06,2540.0,2561.449951171875,2497.25,2523.35009765625,398510
2023-01-09,2535.949951171875,2635.0,2532.0,2614.5,375283
2023-01-10,2615.0,2680.0,2545.199951171875,2652.0,550065
2023-01-11,2652.0,2652.0,2552.050048828125,2585.35009765625,637446
2023-01-12,2584.0,2646.0,2560.35009765625,2624.0,637850
2023-01-13,2628.0,2705.0,2591.60009765625,2689.050048828125,461162
2023-01-16,2684.800048828125,2724.800048828125,2641.10009765625,2703.10009765625,463560
2023-01-17,2694.75,2779.0,2676.39990234375,2725.050048828125,806251
2023-01-18,2719.25,2738.949951171875,2682.35009765625,2710.75,409175
2023-01-19,2679.050048828125,2753.85009765625,2640.0,2734.10009765625,391025
2023-01-20,2711.5,2755.0,2693.550048828125,2737.949951171875,459208
2023-01-23,2744.949951171875,2799.0,2735.0,2784.10009765625,446563
2023-01-24,2790.0,2799.949951171875,2727.10009765625,2762.14990234375,351797
2023-01-25,2720.0,2737.75,2433.89990234375,2517.75,664314
2023-01-27,2406.050048828125,2448.0,2014.199951171875,2014.199951171875,2529574
2023-01-30,1775.0,1860.0,1611.4000244140625,1708.199951171875,5208061
2023-01-31,1700.0,1835.0,1557.050048828125,1774.0,3693584
2023-02-01,1809.5,1825.0,1596.5999755859375,1723.5,2147989
2023-02-02,1580.0,1637.300048828125,1551.1500244140625,1551.1500244140625,758683
2023-02-03,1396.050048828125,1396.050048828125,1396.050048828125,1396.050048828125,108189
2023-02-06,1256.449951171875,1256.449951171875,1256.449951171875,1256.449951171875,134165
2023-02-07,1193.6500244140625,1319.25,1193.6500244140625,1252.199951171875,2833960
2023-02-08,1271.75,1314.800048828125,1271.75,1314.800048828125,1521910
2023-02-09,1284.0,1296.0,1249.0999755859375,1249.0999755859375,831921
2023-02-10,1186.6500244140625,1186.6500244140625,1186.6500244140625,1186.6500244140625,84888
2023-02-13,1127.3499755859375,1127.3499755859375,1127.3499755859375,1127.3499755859375,30886
2023-02-14,1071.0,1071.0,1071.0,1071.0,47784
2023-02-15,1017.4500122070312,1017.4500122070312,1017.4500122070312,1017.4500122070312,75876
2023-02-16,966.5999755859375,1068.300048828125,966.5999755859375,968.5499877929688,3689508
2023-02-17,953.0499877929688,987.9500122070312,920.1500244140625,920.4000244140625,1596131
2023-02-20,887.0499877929688,897.75,874.4000244140625,874.4000244140625,968551
2023-02-21,830.7000122070312,830.7000122070312,830.7000122070312,830.7000122070312,105101
2023-02-22,789.2000122070312,789.2000122070312,789.2000122070312,789.2000122070312,57508
2023-02-23,749.75,749.75,749.75,749.75,46327
2023-02-24,712.2999877929688,712.2999877929688,712.2999877929688,712.2999877929688,111971
2023-02-27,676.7000122070312,676.7000122070312,676.7000122070312,676.7000122070312,73016
2023-02-28,642.9000244140625,674.4000244140625,642.9000244140625,642.9000244140625,4607943
2023-03-01,631.5,675.0,631.5,675.0,2628313
2023-03-02,700.0,708.75,685.0,708.75,1300464
2023-03-03,744.1500244140625,744.1500244140625,744.1500244140625,744.1500244140625,1014976
2023-03-06,781.3499755859375,781.3499755859375,781.3499755859375,781.3499755859375,1187948
2023-03-08,815.0,820.4000244140625,801.0,820.4000244140625,1812185
2023-03-09,861.4000244140625,861.4000244140625,861.4000244140625,861.4000244140625,957485
2023-03-10,877.0,904.4500122070312,863.4500122070312,904.4500122070312,1038717
2023-03-13,949.6500244140625,949.6500244140625,949.6500244140625,949.6500244140625,589390
2023-03-14,979.7999877929688,979.7999877929688,902.2000122070312,902.2000122070312,2540765
2023-03-15,857.0999755859375,947.2999877929688,857.0999755859375,928.3499755859375,2706203
2023-03-16,940.0,974.75,906.25,973.7000122070312,3151991
2023-03-17,994.2999877929688,1022.3499755859375,988.0,1022.3499755859375,2455413
2023-03-20,986.0999755859375,1054.300048828125,971.25,1009.0999755859375,2491229
2023-03-21,1019.9500122070312,1037.699951171875,972.2999877929688,1006.0999755859375,2265181
2023-03-22,1014.0,1044.0,1011.2999877929688,1032.800048828125,1714719
2023-03-23,1038.0,1084.4000244140625,1022.0999755859375,1084.4000244140625,1814692
2023-03-24,1107.0,1138.5999755859375,1042.300048828125,1124.550048828125,3875691
2023-03-27,1150.0,1168.300048828125,1068.3499755859375,1068.4000244140625,1910352
2023-03-28,1025.0,1033.5,1015.0,1015.0,265756
2023-03-29,964.25,1045.0,964.25,1003.4500122070312,3344811
2023-03-31,1018.2999877929688,1044.0,974.2000122070312,993.0499877929688,1096793
2023-04-03,997.0,1008.7000122070312,943.4000244140625,943.4000244140625,818446
2023-04-05,915.0,952.0,896.25,907.8499755859375,1123682
2023-04-06,933.0,953.2000122070312,896.25,953.2000122070312,797149
2023-04-10,984.0,1000.8499755859375,983.9500122070312,1000.8499755859375,1048207
2023-04-11,1032.9000244140625,1050.8499755859375,1029.8499755859375,1050.8499755859375,409783
2023-04-12,1097.0,1099.0,1015.0,1043.449951171875,2431677
2023-04-13,1040.0,1055.949951171875,1015.0499877929688,1030.8499755859375,773311
2023-04-17,1043.8499755859375,1049.550048828125,1011.2999877929688,1039.5,581250
2023-04-18,1047.25,1057.0,1027.0,1032.050048828125,372989
2023-04-19,1038.75,1038.75,1005.0,1017.7000122070312,320995
2023-04-20,1020.0,1025.0,1007.0499877929688,1011.0999755859375,296621
2023-04-21,1012.5,1016.7999877929688,985.0999755859375,994.9000244140625,253759
2023-04-24,998.9500122070312,999.0,960.4000244140625,965.0999755859375,290276
2023-04-25,969.0,1013.3499755859375,965.2000122070312,1012.9500122070312,742228
2023-04-26,1012.0,1021.2000122070312,985.0,987.7999877929688,528831
2023-04-27,989.8499755859375,997.7000122070312,975.0499877929688,982.2999877929688,236845
2023-04-28,995.0,1031.4000244140625,987.0999755859375,1029.449951171875,914154
2023-05-02,1022.0,1077.699951171875,1015.0,1021.9500122070312,1329916
2023-05-03,1023.0,1036.0,984.0,993.0499877929688,694882
2023-05-04,993.0499877929688,1025.3499755859375,990.0,1011.5499877929688,247361
2023-05-05,1028.699951171875,1030.0,997.5999755859375,999.0,267732
2023-05-08,949.0499877929688,949.0499877929688,949.0499877929688,949.0499877929688,574862
2023-05-09,901.5999755859375,936.0,901.5999755859375,901.5999755859375,2595054
2023-05-10,899.9000244140625,908.0,870.7000122070312,890.6500244140625,825113
2023-05-11,891.9500122070312,924.0499877929688,891.5,917.25,783286
2023-05-12,871.4000244140625,900.0,871.4000244140625,884.7999877929688,2928143
2023-05-15,900.9500122070312,909.0,840.5999755859375,840.5999755859375,1603066
2023-05-16,820.0,854.4000244140625,810.0,812.0999755859375,1616433
2023-05-17,824.0,824.0,780.0,790.0,1932226
2023-05-18,790.1500244140625,794.75,750.5,751.5999755859375,2361332
2023-05-19,729.0499877929688,789.1500244140625,714.0499877929688,787.3499755859375,4723254
2023-05-22,826.5499877929688,826.7000122070312,825.0,826.7000122070312,581156
2023-05-23,868.0,868.0,868.0,868.0,180617
2023-05-24,911.4000244140625,911.4000244140625,882.5999755859375,911.4000244140625,4911947
2023-05-25,934.7000122070312,934.7000122070312,873.0,891.75,3616129
2023-05-26,893.7999877929688,898.4000244140625,847.2000122070312,850.0999755859375,2968440
2023-05-29,822.1500244140625,868.0,822.1500244140625,832.2000122070312,2450856
2023-05-30,832.2000122070312,845.0,792.4000244140625,804.2999877929688,3543724
2023-05-31,780.0,814.0,767.7999877929688,776.7000122070312,26167155
2023-06-01,815.5,815.5,793.3499755859375,815.5,4042939
2023-06-02,832.0,838.7000122070312,791.25,794.6500244140625,2933000
2023-06-05,802.0,834.3499755859375,796.0,828.0,6191271
2023-06-06,845.0,845.0,810.0499877929688,816.25,2007196
2023-06-07,830.7000122070312,848.75,821.0499877929688,837.25,3089395
2023-06-08,839.7000122070312,844.5,821.0499877929688,829.25,1362345
2023-06-09,834.7999877929688,838.1500244140625,825.6500244140625,830.7000122070312,853082
2023-06-12,841.0,842.0,828.0499877929688,830.4000244140625,712441
2023-06-13,835.0,835.0499877929688,820.2000122070312,823.0,511120
2023-06-14,825.8499755859375,828.5,806.0,808.5499877929688,748746
2023-06-15,814.9500122070312,840.0,805.6500244140625,814.7000122070312,1550381
2023-06-16,818.0,834.9000244140625,795.6500244140625,810.9000244140625,6361369
2023-06-19,819.0,827.0,801.0,806.5999755859375,1441750
2023-06-20,817.7000122070312,817.7000122070312,804.8499755859375,811.9500122070312,574281
2023-06-21,811.4500122070312,813.4500122070312,802.0,806.7000122070312,647258
2023-06-22,810.6500244140625,817.25,803.0,804.4000244140625,656852
2023-06-23,804.4000244140625,804.4000244140625,738.0,757.5,2777512
2023-06-26,750.0,783.5499877929688,743.25,770.75,1379942
2023-06-27,783.0,784.9000244140625,771.0,773.2000122070312,514889
2023-06-28,781.7000122070312,823.9500122070312,768.6500244140625,819.1500244140625,2141952
2023-06-30,828.7000122070312,828.7000122070312,765.1500244140625,767.25,46087335
2023-07-03,782.0,785.0,770.0,773.25,1414668
2023-07-04,784.7000122070312,784.7000122070312,767.0499877929688,770.5999755859375,1052355
2023-07-05,771.5,776.0,767.0499877929688,770.0,827680
2023-07-06,770.0,775.0,766.25,769.3499755859375,620475
2023-07-07,768.5,772.0,755.0,759.8499755859375,707804
2023-07-10,755.0,764.0,744.0499877929688,749.8499755859375,1064100
2023-07-11,752.0,763.4500122070312,749.0,754.0499877929688,810898
2023-07-12,755.0,760.0,744.5,752.6500244140625,589252
2023-07-13,757.9000244140625,757.9000244140625,743.0499877929688,745.2000122070312,507356
2023-07-14,752.6500244140625,752.6500244140625,738.4000244140625,742.2999877929688,598454
2023-07-17,746.5,774.0,745.0,770.4500122070312,1546015
2023-07-18,775.0,807.0,768.4000244140625,783.0,2625423
2023-07-19,790.75,797.9000244140625,774.25,779.0999755859375,933327
2023-07-20,781.0,788.8499755859375,779.0,780.2999877929688,873507
2023-07-21,780.0,780.9500122070312,773.0499877929688,775.1500244140625,425530
2023-07-24,780.0,781.0,771.0,773.25,373079
2023-07-25,779.75,843.0,770.5499877929688,834.8499755859375,5042334
2023-07-26,839.9000244140625,839.9000244140625,805.25,814.9500122070312,3352443
2023-07-27,823.0,823.9000244140625,795.6500244140625,805.0,1035949
2023-07-28,812.0,828.0,808.6500244140625,814.7999877929688,1236699
2023-07-31,826.0,836.9000244140625,815.0,820.7000122070312,1646282
2023-08-01,823.7000122070312,826.5499877929688,800.0999755859375,803.9500122070312,1156013
2023-08-02,805.0,816.0,784.0499877929688,789.2999877929688,1070171
2023-08-03,790.7999877929688,804.0,780.0999755859375,796.7000122070312,4534652
2023-08-04,800.0,804.4500122070312,788.3499755859375,796.6500244140625,5454846
2023-08-07,800.0,850.0,783.5999755859375,832.7000122070312,8408122
2023-08-08,820.0,839.5499877929688,811.9000244140625,823.5999755859375,7282138
2023-08-09,821.25,825.25,810.0,811.9500122070312,6911943
2023-08-10,813.0,826.0,812.2999877929688,820.7999877929688,6591528
2023-08-11,822.9000244140625,836.0,818.0999755859375,831.7000122070312,9078389
2023-08-14,813.75,821.2000122070312,790.0999755859375,808.2999877929688,8277053
2023-08-16,795.0,822.9000244140625,795.0,818.0999755859375,7337822
2023-08-17,819.8499755859375,836.4500122070312,819.0,822.2000122070312,3958662
2023-08-18,824.9000244140625,894.0,824.75,871.9000244140625,7798779
2023-08-21,879.0,932.0,878.0,923.5499877929688,8978809
2023-08-22,945.0999755859375,976.9500122070312,923.8499755859375,960.1500244140625,11493001
2023-08-23,965.0,969.7000122070312,859.0,890.4000244140625,4192309
2023-08-24,907.9500122070312,934.0,892.0499877929688,895.1500244140625,1134578
2023-08-25,895.1500244140625,898.8499755859375,865.0,874.5499877929688,983333
2023-08-28,895.0,899.0,860.0,864.9500122070312,995290
2023-08-29,869.0999755859375,875.0999755859375,852.5999755859375,857.1500244140625,1218219
2023-08-30,861.8499755859375,864.8499755859375,840.0,841.7000122070312,857053
2023-08-31,820.0,830.75,800.0999755859375,811.9500122070312,1636383
2023-09-01,803.8499755859375,835.8499755859375,791.0499877929688,824.9000244140625,1204025
2023-09-04,830.0,834.9000244140625,815.0,817.5999755859375,825805
2023-09-05,821.6500244140625,825.8499755859375,811.5,813.4500122070312,684436
2023-09-06,815.0499877929688,859.4500122070312,809.0,855.9500122070312,8646350
2023-09-07,858.9000244140625,858.9000244140625,833.0999755859375,839.4000244140625,6099751
2023-09-08,843.7999877929688,846.0,831.0,833.0,937304
2023-09-11,843.4000244140625,877.0,838.0,874.9000244140625,6691473
2023-09-12,880.0,888.75,834.2000122070312,852.2999877929688,5946118
2023-09-13,852.2999877929688,854.9000244140625,832.0,836.9000244140625,703403
2023-09-14,840.9000244140625,855.0999755859375,835.0,851.75,4528205
2023-09-15,853.2000122070312,859.9000244140625,839.0499877929688,846.0999755859375,7152425
2023-09-18,873.8499755859375,873.8499755859375,846.2000122070312,855.0999755859375,6408916
2023-09-20,859.0,860.0,843.9500122070312,855.2000122070312,4608210
2023-09-21,853.5,857.0,844.6500244140625,847.3499755859375,771656
2023-09-22,855.0,858.0,835.0,839.0999755859375,543417
2023-09-25,838.0,844.0,827.5999755859375,830.4000244140625,404295
2023-09-26,825.0,837.25,811.6500244140625,817.8499755859375,584558
2023-09-27,822.5999755859375,822.75,812.5499877929688,816.2000122070312,443309
2023-09-28,817.0,839.6500244140625,816.4000244140625,830.5,861650
2023-09-29,825.0499877929688,825.9000244140625,807.2000122070312,810.25,1106739
2023-10-03,815.9000244140625,816.7999877929688,806.7000122070312,807.75,506021
2023-10-04,807.7000122070312,826.9500122070312,801.0499877929688,808.0999755859375,711980
2023-10-05,812.5,815.5,805.2999877929688,807.7000122070312,252701
2023-10-06,810.3499755859375,815.9000244140625,804.5,806.0,265517
2023-10-09,806.0,806.0,772.4000244140625,778.9000244140625,559255
2023-10-10,778.0,790.2999877929688,777.1500244140625,786.0,360806
2023-10-11,792.0,807.0,791.2000122070312,798.2000122070312,655215
2023-10-12,801.0999755859375,806.9500122070312,792.0,793.7000122070312,230980
2023-10-13,792.8499755859375,793.7000122070312,783.0,785.2000122070312,269417
2023-10-16,786.0,786.6500244140625,773.0,774.75,312993
2023-10-17,778.0,787.0,771.0,774.9000244140625,351835
2023-10-18,775.0,779.4500122070312,762.1500244140625,764.9000244140625,346049
2023-10-19,764.9000244140625,765.9000244140625,755.5499877929688,759.4000244140625,356701
2023-10-20,760.9500122070312,776.9500122070312,759.4000244140625,764.3499755859375,516923
2023-10-23,768.7000122070312,768.7000122070312,734.0499877929688,735.7999877929688,485683
2023-10-25,740.0,750.9500122070312,712.6500244140625,718.9000244140625,455111
2023-10-26,719.9500122070312,748.0,686.0,739.0999755859375,1134296
2023-10-27,748.0,772.9000244140625,742.0499877929688,764.5,741463
2023-10-30,764.5,773.3499755859375,751.3499755859375,759.25,414510
2023-10-31,768.9500122070312,772.0,758.0499877929688,769.7999877929688,327996
2023-11-01,769.7999877929688,771.8499755859375,742.0,749.9500122070312,405088
2023-11-02,755.0,770.0,749.5499877929688,752.25,247056
2023-11-03,756.0,772.9000244140625,756.0,765.5,351531
2023-11-06,777.0499877929688,779.9500122070312,767.75,771.8499755859375,299026
2023-11-07,784.4000244140625,785.0,757.2999877929688,762.0499877929688,515017
2023-11-08,765.0,768.9500122070312,755.5,757.9500122070312,338861
2023-11-09,763.9500122070312,765.0,748.0,750.2000122070312,226089
2023-11-10,748.0,763.0,744.0999755859375,760.4500122070312,278461
2023-11-13,768.4000244140625,768.4000244140625,757.0,759.0,179475
2023-11-15,767.0,768.25,751.5,754.3499755859375,273699
2023-11-16,754.0,757.3499755859375,737.8499755859375,747.2000122070312,388858
2023-11-17,746.75,747.4500122070312,739.0999755859375,741.2000122070312,318597
2023-11-20,741.0499877929688,741.0999755859375,720.0499877929688,727.5,406832
2023-11-21,737.0,744.9500122070312,728.7999877929688,731.7999877929688,383315
2023-11-22,731.7999877929688,734.5499877929688,722.2000122070312,726.9500122070312,151126
2023-11-23,729.0,731.9500122070312,720.0,723.0499877929688,180553
2023-11-24,723.0,740.0,720.1500244140625,729.0999755859375,479763
2023-11-28,748.0,874.9000244140625,746.0,865.0999755859375,9792184
2023-11-29,899.0,954.9000244140625,860.0,875.7000122070312,13627653
2023-11-30,873.9500122070312,883.0,846.0999755859375,872.6500244140625,3418249
2023-12-01,872.6500244140625,887.6500244140625,848.0,854.7000122070312,2088092
2023-12-04,969.0,969.0,896.1500244140625,903.7000122070312,4277939
2023-12-05,903.0,1084.4000244140625,882.5,1084.4000244140625,24514379
2023-12-06,1137.0,1246.0,1102.1500244140625,1164.300048828125,29839084
2023-12-07,1164.300048828125,1240.0,1154.949951171875,1198.699951171875,13902767
2023-12-08,1208.699951171875,1235.0,1070.550048828125,1131.5,9599418
2023-12-11,1137.949951171875,1158.0,1090.5,1129.949951171875,3107570
2023-12-12,1132.0,1135.6500244140625,1085.0,1089.1500244140625,3107531
2023-12-13,1093.949951171875,1095.9000244140625,1008.0999755859375,1030.9000244140625,2756868
2023-12-14,1041.0,1094.949951171875,1035.8499755859375,1074.75,3933857
2023-12-15,1089.8499755859375,1091.9000244140625,1036.0,1047.25,3821111
2023-12-18,1060.0,1062.0,1031.75,1043.050048828125,3042841
2023-12-19,1051.0,1088.699951171875,1031.1500244140625,1076.199951171875,3356750
2023-12-20,1078.199951171875,1128.0,993.7999877929688,998.9000244140625,4060611
2023-12-21,984.9500122070312,1038.3499755859375,981.0,1026.550048828125,1449502
2023-12-22,1040.0,1044.800048828125,1026.0,1027.9000244140625,2494643
2023-12-26,1035.5,1047.8499755859375,1011.9000244140625,1041.5999755859375,2391693
2023-12-27,1070.0,1083.0,1047.199951171875,1058.699951171875,2801997
2023-12-28,1063.0,1073.3499755859375,1011.5499877929688,1022.5499877929688,2617618
2023-12-29,1037.0,1058.0,1018.2000122070312,1045.75,2752398
2024-01-01,1040.0,1073.0,1036.050048828125,1055.050048828125,676574
2024-01-02,1060.0,1072.0,1034.0,1062.449951171875,2716805
2024-01-03,1150.0,1250.0,1072.0,1183.199951171875,13493682
2024-01-04,1210.0,1219.699951171875,1150.0,1179.800048828125,2693790
2024-01-05,1180.0,1186.8499755859375,1155.449951171875,1164.0,1343094
2024-01-08,1170.8499755859375,1172.3499755859375,1140.0,1143.5,896113
2024-01-09,1151.0,1199.0,1145.0,1164.0999755859375,1347686
2024-01-10,1171.0,1184.0,1156.6500244140625,1170.300048828125,1302889
2024-01-11,1179.699951171875,1184.0,1154.75,1159.699951171875,689920
2024-01-12,1167.0,1174.449951171875,1150.0999755859375,1152.199951171875,729133
2024-01-15,1152.199951171875,1152.199951171875,1152.199951171875,1152.199951171875,0
2024-01-16,1148.0,1148.0,1118.949951171875,1126.3499755859375,3851854
2024-01-17,1124.949951171875,1128.75,1082.449951171875,1087.1500244140625,1456313
2024-01-18,1087.0,1097.9000244140625,1040.5999755859375,1065.5,1168724
2024-01-19,1070.9000244140625,1083.550048828125,1041.050048828125,1050.550048828125,1485408
2024-01-23,1138.0,1145.6500244140625,1050.0,1056.1500244140625,2133688
2024-01-24,1059.6500244140625,1059.6500244140625,1028.5,1036.25,5163858
2024-01-25,1041.8499755859375,1077.0,1038.0,1061.800048828125,1505572
2024-01-29,1085.0,1136.0,1074.800048828125,1098.050048828125,3298520
2024-01-30,1096.0,1096.0,1064.0,1072.699951171875,1393051
2024-01-31,1072.949951171875,1081.9000244140625,1062.5999755859375,1067.8499755859375,793833
2024-02-01,1073.0,1088.0,1052.949951171875,1067.699951171875,1320318
2024-02-02,1073.699951171875,1094.3499755859375,1046.0,1052.050048828125,1391014
2024-02-05,1051.050048828125,1059.0,1016.0,1022.5999755859375,1194592
2024-02-06,1033.0,1054.0,1001.2000122070312,1029.0,1134575
2024-02-07,1038.5999755859375,1113.949951171875,1029.75,1065.8499755859375,4195919
2024-02-08,1074.800048828125,1078.800048828125,1045.0,1049.9000244140625,2293556
2024-02-09,1051.9000244140625,1077.1500244140625,1037.5,1054.699951171875,2739850
2024-02-12,1059.0,1096.199951171875,1045.75,1069.449951171875,3927219
2024-02-13,1078.699951171875,1078.699951171875,1028.0,1044.800048828125,3427849
2024-02-14,1027.050048828125,1064.949951171875,1025.0,1036.949951171875,3245478
2024-02-15,1054.699951171875,1066.949951171875,1042.5,1052.0,3334357
2024-02-16,1056.449951171875,1065.0,1045.550048828125,1061.5999755859375,3787369
2024-02-19,1065.0,1084.949951171875,1061.199951171875,1074.449951171875,3007240
2024-02-20,1079.699951171875,1079.699951171875,1061.0,1069.800048828125,2662527
2024-02-21,1075.050048828125,1084.0,1055.050048828125,1064.800048828125,3038030
2024-02-22,1069.9000244140625,1069.9000244140625,1052.550048828125,1058.9000244140625,2172437
2024-02-23,1062.699951171875,1094.75,1055.199951171875,1081.800048828125,3057010
2024-02-26,1084.949951171875,1190.5999755859375,1081.0,1176.1500244140625,8951837
2024-02-27,1182.0,1186.699951171875,1117.199951171875,1122.699951171875,3235084
2024-02-28,1129.949951171875,1136.800048828125,1068.6500244140625,1076.449951171875,2098024
2024-02-29,1083.0,1092.6500244140625,1060.0,1064.8499755859375,1571955
2024-03-01,1075.0,1095.0,1064.8499755859375,1072.4000244140625,1335964
2024-03-04,1084.0,1085.6500244140625,1062.0999755859375,1064.3499755859375,661629
2024-03-05,1067.0,1075.5999755859375,1060.0,1070.300048828125,688430
2024-03-06,1071.8499755859375,1080.0,1045.5,1069.5,2717505
2024-03-07,1074.9000244140625,1078.5999755859375,1059.0,1069.5999755859375,2691523
2024-03-11,1077.0,1087.300048828125,1060.0,1063.75,2901619
2024-03-12,1065.0,1069.0,1027.050048828125,1037.25,2895201
2024-03-13,1039.75,1047.0,915.2999877929688,947.9500122070312,2854959
2024-03-14,950.0,1065.9000244140625,918.75,1054.550048828125,6083924
2024-03-15,1048.050048828125,1077.0,1023.8499755859375,1045.8499755859375,3987648
2024-03-18,1008.0,1030.949951171875,971.5,1008.8499755859375,3008345
2024-03-19,1022.8499755859375,1039.199951171875,1000.0,1006.2999877929688,3736272
2024-03-20,1024.9000244140625,1029.0,997.5999755859375,1011.4500122070312,3577635
2024-03-21,1030.9000244140625,1030.9000244140625,1005.2000122070312,1008.9000244140625,642213
2024-03-22,1012.0499877929688,1022.0499877929688,1005.2000122070312,1015.5999755859375,2738168
2024-03-26,1003.0,1064.5,1002.5999755859375,1045.9000244140625,4087621
2024-03-27,1049.5,1057.5,1005.9000244140625,1014.8499755859375,3815101
2024-03-28,1030.0,1041.800048828125,1015.2000122070312,1026.699951171875,3159446
2024-04-01,1047.0999755859375,1125.0,1036.1500244140625,1112.0,3995373
2024-04-02,1114.0,1128.8499755859375,1090.0,1098.3499755859375,1716219
2024-04-03,1098.550048828125,1105.0,1090.0,1094.75,887319
2024-04-04,1103.449951171875,1119.0,1082.199951171875,1102.0,2011840
2024-04-05,1103.0,1109.949951171875,1086.0,1096.300048828125,747341
2024-04-08,1105.0,1117.75,1065.0,1075.8499755859375,794510
2024-04-09,1081.25,1088.5999755859375,1066.0,1071.25,432564
2024-04-10,1075.800048828125,1076.0,1056.0,1064.25,450543
2024-04-12,1066.1500244140625,1097.550048828125,1053.0,1068.9000244140625,1283700
2024-04-15,1036.4000244140625,1049.9000244140625,1012.8499755859375,1039.449951171875,1053977
2024-04-16,1038.949951171875,1060.6500244140625,1035.550048828125,1051.75,655917
2024-04-18,1059.6500244140625,1068.9000244140625,1036.050048828125,1038.75,497046
2024-04-19,1021.4000244140625,1046.550048828125,1011.4000244140625,1040.5999755859375,794936
2024-04-22,1054.0,1080.0,1040.0,1042.949951171875,667886
2024-04-23,1048.0,1068.949951171875,1042.050048828125,1050.050048828125,749815
2024-04-24,1055.0,1056.199951171875,1042.300048828125,1047.8499755859375,409452
2024-04-25,1045.0,1053.949951171875,1040.8499755859375,1050.1500244140625,421022
2024-04-26,1055.0,1071.449951171875,1046.5,1062.8499755859375,2056765
2024-04-29,1072.8499755859375,1072.8499755859375,1057.5999755859375,1061.0,2795995
2024-04-30,1067.0,1087.300048828125,1060.3499755859375,1065.199951171875,3503339
2024-05-02,1065.199951171875,1066.0,1045.5999755859375,1052.8499755859375,3169241
2024-05-03,1045.550048828125,1068.5,1044.0,1061.550048828125,2666817
2024-05-06,1060.3499755859375,1065.949951171875,1032.1500244140625,1058.5,2650493
2024-05-07,1058.0,1058.25,1012.3499755859375,1021.5499877929688,2455096
2024-05-08,1018.0999755859375,1030.0,1011.0,1019.5,2094553
2024-05-09,1023.6500244140625,1029.8499755859375,975.0,980.0499877929688,918325
2024-05-10,980.0499877929688,999.7000122070312,970.5,990.5499877929688,745958
2024-05-13,990.9500122070312,1020.0,975.0,991.0499877929688,710559
2024-05-14,995.9000244140625,1056.0,982.8499755859375,1022.0499877929688,1344326
2024-05-15,1025.0,1039.0,1018.75,1021.6500244140625,597368
2024-05-16,1030.0,1035.0,1017.5499877929688,1031.0,486016
2024-05-17,1034.0,1042.0,1023.0,1035.1500244140625,397731
2024-05-21,1044.5999755859375,1094.550048828125,1033.3499755859375,1061.4000244140625,1634159
2024-05-22,1071.0,1092.0,1062.550048828125,1086.949951171875,1274103
2024-05-23,1089.9000244140625,1119.0,1075.0999755859375,1099.5999755859375,1891437
2024-05-24,1108.8499755859375,1154.800048828125,1097.0,1106.699951171875,2558335
2024-05-27,1124.949951171875,1133.300048828125,1090.0999755859375,1104.3499755859375,1909009
2024-05-28,1124.0,1134.0,1081.0,1088.0999755859375,1209409
2024-05-29,1089.0,1099.8499755859375,1081.9000244140625,1085.699951171875,631494
2024-05-30,1085.8499755859375,1107.1500244140625,1081.199951171875,1099.550048828125,4029650
2024-05-31,1106.9000244140625,1150.0999755859375,1101.449951171875,1122.800048828125,9141631
2024-06-03,1249.0,1249.4000244140625,1185.050048828125,1221.949951171875,9453459
2024-06-04,1219.75,1219.75,977.5999755859375,977.5999755859375,8110623
2024-06-05,997.0,1017.8499755859375,831.5,951.7000122070312,13983391
2024-06-06,995.0,1020.0,983.4000244140625,1001.0499877929688,8559362
2024-06-07,1001.0,1045.0,987.0,1020.0499877929688,6459015
2024-06-10,1054.9000244140625,1074.0,1020.0,1026.800048828125,1854218
2024-06-11,1030.5,1032.0,1015.0,1017.8499755859375,1113225
2024-06-12,1019.9500122070312,1028.949951171875,1015.0499877929688,1020.5,715392
2024-06-13,1027.0,1031.800048828125,1014.0499877929688,1017.6500244140625,611962
2024-06-14,1024.949951171875,1038.699951171875,1015.5,1019.7999877929688,702499
2024-06-18,1025.6500244140625,1034.699951171875,1023.0,1026.550048828125,893353
2024-06-19,1030.0,1031.699951171875,1001.0499877929688,1007.75,1074316
2024-06-20,1012.7999877929688,1031.0,1006.5,1016.5,792202
2024-06-21,1016.0,1023.0,1002.0,1010.5499877929688,722608
2024-06-24,1005.0,1027.8499755859375,1000.0,1017.25,687135
2024-06-25,1017.25,1029.25,1011.1500244140625,1014.2000122070312,2571533
2024-06-26,1012.9500122070312,1023.0,996.75,1005.0999755859375,3480521
2024-06-27,1010.0,1018.0,1005.4000244140625,1012.2000122070312,3777139
2024-06-28,1016.9500122070312,1017.5,990.0,997.3499755859375,795167
2024-07-01,1003.6500244140625,1007.8499755859375,996.0499877929688,999.2000122070312,472079
2024-07-02,1005.0,1063.3499755859375,1000.4000244140625,1024.75,2738036
2024-07-03,1034.949951171875,1040.0,1020.0,1035.199951171875,970351
2024-07-04,1036.0,1047.949951171875,1020.0999755859375,1025.8499755859375,825442
2024-07-05,1025.800048828125,1025.800048828125,1010.0,1012.6500244140625,659996
2024-07-08,1010.0,1019.9500122070312,994.7000122070312,998.4000244140625,757659
2024-07-09,1005.75,1033.199951171875,1000.0,1003.4500122070312,901166
2024-07-10,1004.75,1013.9500122070312,985.4000244140625,1003.25,640805
2024-07-11,1002.9000244140625,1010.9000244140625,998.5,1001.2000122070312,381605
2024-07-12,1005.0,1010.5999755859375,1000.0,1004.7999877929688,478408
2024-07-15,1006.5,1025.1500244140625,998.5,1013.2999877929688,972014
2024-07-16,1024.050048828125,1047.949951171875,1018.5,1022.25,1149453
2024-07-18,1021.9500122070312,1025.0,1007.2999877929688,1010.4500122070312,625350
2024-07-19,1008.0,1020.25,1001.5499877929688,1010.7000122070312,884638
2024-07-22,1004.9500122070312,1015.2999877929688,982.5,1011.0499877929688,788623
2024-07-23,1010.0999755859375,1033.199951171875,975.0,1023.7999877929688,1423981
2024-07-24,1025.9000244140625,1047.0,1022.0,1036.199951171875,928518
2024-07-25,1030.199951171875,1060.050048828125,1025.050048828125,1050.1500244140625,1144067
2024-07-26,1063.050048828125,1149.699951171875,1040.050048828125,1051.949951171875,8182577
2024-07-29,1059.1500244140625,1110.0,1047.8499755859375,1051.949951171875,4773418
2024-07-30,1064.9000244140625,1137.0,1054.0,1124.9000244140625,9156858
2024-07-31,1156.0,1168.800048828125,1125.25,1138.050048828125,4660152
2024-08-01,1120.0,1348.0,1119.949951171875,1275.199951171875,30107717
2024-08-02,1250.0,1309.0,1231.0999755859375,1261.800048828125,9602722
2024-08-05,1200.0,1231.949951171875,1150.6500244140625,1159.0999755859375,6801861
2024-08-06,1171.0,1183.4000244140625,1094.300048828125,1124.8499755859375,11968412
2024-08-07,1160.0,1170.0,1126.0999755859375,1131.6500244140625,3993218
2024-08-08,1132.0,1135.0,1096.050048828125,1101.449951171875,2760169
2024-08-09,1110.0,1131.9000244140625,1101.0999755859375,1103.800048828125,2246263
2024-08-12,1072.0,1082.949951171875,1036.050048828125,1063.0,6368619
2024-08-13,1092.0,1129.9000244140625,1065.0999755859375,1071.25,5808191
2024-08-14,1082.0,1119.0,1070.0999755859375,1113.699951171875,3846943
2024-08-16,1126.9000244140625,1138.0,1073.0999755859375,1085.300048828125,3187004
2024-08-19,1089.800048828125,1111.9000244140625,1089.800048828125,1092.550048828125,1782102
2024-08-20,1097.8499755859375,1110.25,1090.800048828125,1099.9000244140625,1099089
2024-08-21,1099.699951171875,1115.5,1075.0,1088.4000244140625,2048993
2024-08-22,1092.0,1099.9000244140625,1075.0,1077.75,1942688
2024-08-23,1081.0,1086.0,1060.0,1065.6500244140625,1465165
2024-08-26,1066.550048828125,1076.0,1041.3499755859375,1053.3499755859375,1712349
2024-08-27,1055.1500244140625,1062.0,1043.5,1046.1500244140625,1319608
2024-08-28,1050.9000244140625,1050.9000244140625,1022.5,1027.1500244140625,1883409
2024-08-29,1025.5,1027.0,984.0,1004.0999755859375,6514855
2024-08-30,1012.7000122070312,1022.9000244140625,1000.5,1007.4000244140625,2071206
2024-09-02,1017.0,1049.0,1003.4000244140625,1034.0999755859375,2821331
2024-09-03,1045.0,1046.0999755859375,1020.0499877929688,1029.199951171875,1368306
2024-09-04,1015.7000122070312,1038.0,1012.0,1028.5999755859375,1079051
2024-09-05,1035.0,1037.800048828125,1001.2999877929688,1007.4500122070312,1162678
2024-09-06,1012.4500122070312,1012.5,983.0,985.3499755859375,1636983
2024-09-09,985.2999877929688,1009.1500244140625,968.2999877929688,1007.0499877929688,2722062
2024-09-10,1001.0499877929688,1020.0,1001.0499877929688,1014.0,1269824
2024-09-11,1008.0499877929688,1012.8499755859375,990.9000244140625,998.0999755859375,628404
2024-09-12,1004.0999755859375,1012.0,990.0,1008.2000122070312,692258
2024-09-13,991.0,1009.0,980.0,983.2999877929688,1639099
2024-09-16,990.5,1010.0,978.0,980.5,1787723
2024-09-17,985.0,995.0,976.1500244140625,989.0,1320871
2024-09-18,988.0,993.0,977.0,979.9000244140625,2847382
2024-09-19,993.0999755859375,998.4500122070312,967.0499877929688,979.0,3414484
2024-09-20,976.2000122070312,1019.9000244140625,976.2000122070312,1007.1500244140625,4788824
2024-09-23,1025.199951171875,1040.0,1017.0,1025.949951171875,2323963
2024-09-24,1030.0,1068.0,1021.4500122070312,1051.1500244140625,4131050
2024-09-25,1049.0,1053.8499755859375,1036.0,1044.199951171875,1091528
2024-09-26,1045.0,1049.4000244140625,1033.0,1036.699951171875,641975
2024-09-27,1036.0999755859375,1056.0,1001.0499877929688,1010.2000122070312,1537355
2024-09-30,1009.9000244140625,1018.7000122070312,994.0,1009.6500244140625,1170771
2024-10-01,1013.9500122070312,1053.449951171875,1010.0,1040.0999755859375,4058979
2024-10-03,1023.7999877929688,1039.699951171875,1010.0,1015.8499755859375,983956
2024-10-04,1016.0,1020.5,955.0,962.75,5174616
2024-10-07,976.0,982.7000122070312,920.7999877929688,934.2000122070312,4321395
2024-10-08,931.0,1010.0,915.0,1007.2999877929688,4982440
2024-10-09,1015.7999877929688,1017.4500122070312,980.5,983.2999877929688,1752790
2024-10-10,992.9500122070312,1001.5999755859375,963.5999755859375,989.8499755859375,1981159
2024-10-11,997.9000244140625,999.0499877929688,974.7000122070312,976.7999877929688,1055225
2024-10-14,994.0,1014.7999877929688,977.0999755859375,982.4000244140625,1363315
2024-10-15,984.8499755859375,1009.0,974.0499877929688,1004.7000122070312,2474266
2024-10-16,1010.75,1038.3499755859375,1003.2000122070312,1032.6500244140625,3045843
2024-10-17,1027.050048828125,1036.8499755859375,1015.0,1021.6500244140625,1487254
2024-10-18,1015.5499877929688,1046.0,1004.0,1043.300048828125,2162032
2024-10-21,1043.300048828125,1048.699951171875,1008.0,1017.5499877929688,799922
2024-10-22,1017.5,1043.4000244140625,987.0,1009.8499755859375,3785445
2024-10-23,1008.9500122070312,1008.9500122070312,965.4000244140625,981.5999755859375,3268890
2024-10-24,981.9000244140625,988.5,969.0,976.3499755859375,1904115
2024-10-25,975.0,975.75,905.0999755859375,919.3499755859375,1689777
2024-10-28,924.9500122070312,961.8499755859375,891.0499877929688,940.0,2004705
2024-10-29,950.0,950.0499877929688,917.0499877929688,930.5999755859375,2125174
2024-10-30,930.0,963.5,917.5499877929688,945.9000244140625,1785038
2024-10-31,943.0,980.0,942.0,976.2000122070312,1546658
2024-11-01,981.8499755859375,990.0,970.0999755859375,978.75,143996
2024-11-04,978.9500122070312,979.9000244140625,961.2000122070312,964.7999877929688,773086
2024-11-05,968.9000244140625,1024.9000244140625,956.3499755859375,1015.0,2100961
2024-11-06,1015.0,1090.949951171875,1009.0,1076.300048828125,5200238
2024-11-07,1006.2000122070312,1015.0,956.2999877929688,964.0499877929688,10230730
2024-11-08,965.0,973.8499755859375,934.0,936.25,2473648
2024-11-11,936.25,937.0499877929688,897.0,901.9500122070312,3421527
2024-11-12,903.5999755859375,937.9500122070312,901.5499877929688,924.0499877929688,3720874
2024-11-13,920.0,936.7000122070312,885.0999755859375,889.8499755859375,2753677
2024-11-14,900.0,905.9500122070312,875.8499755859375,879.7000122070312,1903461
2024-11-18,888.0,889.0,855.0,866.5499877929688,1743209
2024-11-19,866.5499877929688,887.4000244140625,865.25,871.5499877929688,1551260
2024-11-21,697.25,724.0,697.25,697.25,21316268
2024-11-22,658.1500244140625,695.0,627.5,648.9500122070312,22987433
2024-11-25,678.0,694.2000122070312,620.0,625.2000122070312,13113479
2024-11-26,637.75,637.75,593.0499877929688,600.75,7755657
2024-11-27,601.0999755859375,660.7999877929688,588.0,660.7999877929688,9030869
2024-11-28,689.9000244140625,726.8499755859375,685.0,726.8499755859375,9255642
2024-11-29,748.0,869.75,742.0,840.5,30918520
2024-12-02,844.9000244140625,855.8499755859375,802.5,807.0,8433923
2024-12-03,807.0499877929688,829.0,798.0,801.8499755859375,4239248
2024-12-04,820.0499877929688,828.0,797.0,813.4500122070312,4086092
2024-12-05,829.0999755859375,830.0,806.0,822.7999877929688,3190458
2024-12-06,826.0,830.0,805.2999877929688,808.3499755859375,1763438
2024-12-09,808.3499755859375,814.0,797.0,803.4500122070312,1461945
2024-12-10,805.4500122070312,806.0,775.7999877929688,784.5499877929688,1881212
2024-12-11,784.5499877929688,797.0,773.0,791.5,1601918
2024-12-12,788.0,832.7999877929688,783.25,818.1500244140625,7753669
2024-12-13,818.9000244140625,837.5,807.0,832.4000244140625,3750259
2024-12-16,830.0,830.9000244140625,809.0,811.9000244140625,1588379
2024-12-17,811.5,825.5,806.4000244140625,813.3499755859375,1352971
2024-12-18,815.9000244140625,818.75,790.2000122070312,793.8499755859375,1503369
2024-12-19,775.0,799.5,770.0499877929688,796.0,978345
2024-12-20,799.0,812.5999755859375,761.8499755859375,767.5499877929688,1799045
2024-12-23,781.3499755859375,783.8499755859375,765.2999877929688,773.2999877929688,971855
2024-12-24,775.0,789.9500122070312,766.0499877929688,771.2999877929688,986887
2024-12-26,773.0999755859375,800.7999877929688,769.0,792.2999877929688,1941859
2024-12-27,798.9500122070312,814.9500122070312,791.0,805.9500122070312,1699411
2024-12-30,808.5499877929688,830.5,805.25,826.25,5993093
2024-12-31,818.4000244140625,820.0,800.0,806.2000122070312,1187100
2025-01-01,808.7999877929688,819.9000244140625,800.9500122070312,805.4500122070312,1104434
2025-01-02,808.0,810.8499755859375,793.5,809.0499877929688,877729
2025-01-03,810.8499755859375,831.0,810.0,821.25,2550810
2025-01-06,815.0499877929688,819.0,765.0999755859375,768.5999755859375,2710372
2025-01-07,777.0,792.4000244140625,773.7999877929688,781.5499877929688,1188943
2025-01-08,781.9500122070312,784.8499755859375,761.4000244140625,770.2000122070312,869142
2025-01-09,775.6500244140625,776.0,749.2000122070312,751.5,770057
2025-01-10,751.5,754.7000122070312,726.3499755859375,729.25,1204613
2025-01-13,719.0,724.5,682.4500122070312,688.75,1424633
2025-01-14,702.9500122070312,787.7000122070312,700.0999755859375,771.2999877929688,9525701
2025-01-15,783.6500244140625,800.9000244140625,773.5,780.1500244140625,3599461
2025-01-16,817.9500122070312,833.1500244140625,786.5499877929688,792.5,2448865
2025-01-17,796.0,808.6500244140625,786.0,805.1500244140625,2391368
2025-01-20,815.0,828.7000122070312,801.1500244140625,815.75,2108088
2025-01-21,819.0,826.6500244140625,803.2000122070312,813.3499755859375,3026174
2025-01-22,825.0,827.3499755859375,785.0999755859375,802.7999877929688,2316536
2025-01-23,795.0999755859375,826.5999755859375,791.3499755859375,808.7999877929688,3765979
2025-01-24,814.0,816.0,781.0,790.4500122070312,2773445
2025-01-27,779.25,781.2999877929688,750.7999877929688,755.6500244140625,2319145
2025-01-28,753.0,769.9000244140625,735.2999877929688,747.5999755859375,1860951
2025-01-29,750.9500122070312,759.75,738.0999755859375,744.7000122070312,1398816
2025-01-30,751.9500122070312,760.2999877929688,728.2999877929688,740.25,1380777
2025-01-31,748.9000244140625,763.2999877929688,737.8499755859375,748.3499755859375,3073984
2025-02-01,756.0,767.9000244140625,732.0,746.0499877929688,1126229
2025-02-03,740.0,742.7000122070312,725.3499755859375,728.1500244140625,861101
2025-02-04,734.9000244140625,753.4500122070312,731.0,751.7999877929688,1007055
2025-02-05,752.0,782.7000122070312,751.7999877929688,775.5,1664111
2025-02-06,780.9000244140625,788.2000122070312,767.1500244140625,773.1500244140625,1009247
2025-02-07,773.9500122070312,782.9000244140625,759.2000122070312,773.4000244140625,771037
2025-02-10,776.9000244140625,777.0,738.0499877929688,741.7000122070312,1132859
2025-02-11,741.7999877929688,763.5999755859375,725.2000122070312,732.0499877929688,1530185
2025-02-12,738.0,760.0,728.6500244140625,756.7999877929688,3137758
2025-02-13,760.2000122070312,777.7999877929688,740.0,744.0,1310157
2025-02-14,747.4500122070312,751.0999755859375,696.75,708.4000244140625,1779389
2025-02-17,703.8499755859375,708.75,677.4000244140625,702.0,2394243
2025-02-18,706.7999877929688,706.7999877929688,668.0,677.1500244140625,2968321
2025-02-19,667.0999755859375,681.9000244140625,660.0,670.6500244140625,1883969
2025-02-20,669.9000244140625,686.5,662.3499755859375,678.0,1271876
2025-02-21,680.9500122070312,695.7000122070312,667.2000122070312,670.9500122070312,1211108
2025-02-24,670.0,680.7000122070312,656.6500244140625,669.5999755859375,1237728
2025-02-25,672.2999877929688,686.3499755859375,665.7000122070312,669.7000122070312,1654419
2025-02-27,673.5,678.4500122070312,660.0,661.7000122070312,1109229
2025-02-28,661.7000122070312,673.3499755859375,648.0499877929688,650.9000244140625,1766312
2025-03-03,652.5499877929688,664.0499877929688,639.4500122070312,654.0499877929688,1160382
2025-03-04,649.4500122070312,660.5999755859375,641.1500244140625,646.6500244140625,1074477
2025-03-05,647.0,731.5,646.0,709.4500122070312,6265335
2025-03-06,719.0,746.5999755859375,707.5999755859375,733.25,4897354
2025-03-07,730.0,753.9000244140625,724.0,747.5999755859375,2622387
2025-03-10,747.0,790.0,738.0,759.0999755859375,6861685
2025-03-11,745.0,768.0,742.0,761.0499877929688,2785862
2025-03-12,765.0,784.9000244140625,744.0499877929688,781.75,2734197
2025-03-13,783.7999877929688,795.9500122070312,776.8499755859375,783.2000122070312,2201144
2025-03-17,779.7999877929688,801.1500244140625,776.7999877929688,795.0499877929688,1850753
2025-03-18,795.0499877929688,795.0499877929688,795.0499877929688,795.0499877929688,0
2025-03-19,801.0999755859375,820.6500244140625,799.1500244140625,813.9000244140625,1417575
2025-03-20,820.0,823.0,800.9000244140625,815.0999755859375,1286932
2025-03-21,815.0,846.9500122070312,811.8499755859375,831.7000122070312,2711820
2025-03-24,838.75,844.7000122070312,817.5499877929688,820.25,1808999
2025-03-25,822.0,838.9000244140625,812.3499755859375,816.5499877929688,2713855
2025-03-26,817.0499877929688,832.5999755859375,800.5,803.0,2042407
2025-03-27,803.0,882.4500122070312,796.0499877929688,872.8499755859375,8208182
2025-03-28,872.8499755859375,894.9000244140625,864.0,872.0,3727492
2025-04-01,857.4000244140625,884.9000244140625,856.0999755859375,866.3499755859375,1899810
2025-04-02,864.7000122070312,871.0,839.2999877929688,867.9000244140625,1554834
2025-04-03,855.0,901.0,855.0,884.3499755859375,2165750
2025-04-04,881.0999755859375,884.7000122070312,852.0999755859375,859.4000244140625,1475762
2025-04-07,780.5,822.2000122070312,780.5,815.0499877929688,2669587
2025-04-08,835.0,847.8499755859375,826.8499755859375,841.1500244140625,1707784
2025-04-09,835.3499755859375,845.0,827.5999755859375,837.4000244140625,1026681
2025-04-11,860.7000122070312,863.3499755859375,833.75,844.7999877929688,1878535
2025-04-15,855.6500244140625,889.5999755859375,851.4500122070312,887.4000244140625,2537147
2025-04-16,884.9000244140625,903.0,881.0499877929688,895.1500244140625,2669664
2025-04-17,896.0499877929688,937.0,891.6500244140625,914.1500244140625,3849304
2025-04-21,924.0,949.0,915.4500122070312,937.5,2153406
2025-04-22,941.9000244140625,942.75,926.0,929.5999755859375,1654173
2025-04-23,935.7000122070312,942.1500244140625,901.5999755859375,938.7999877929688,2500136
2025-04-24,940.0,971.7000122070312,935.0,961.7000122070312,3695638
2025-04-25,978.0,981.0,905.9000244140625,914.3499755859375,5736784
2025-04-28,914.0,941.5999755859375,904.0,925.2999877929688,2404027
2025-04-29,929.9000244140625,939.8499755859375,912.0499877929688,917.6500244140625,1466481
2025-04-30,919.7000122070312,919.7000122070312,892.0,899.6500244140625,1191673
2025-05-02,900.0499877929688,929.8499755859375,900.0499877929688,905.7000122070312,1720419
2025-05-05,911.0,980.8499755859375,909.9500122070312,937.2000122070312,5711254
2025-05-06,939.0,941.5,901.0999755859375,907.4000244140625,2569364
2025-05-07,878.0,907.0,865.0999755859375,871.5999755859375,5712060
2025-05-08,880.0499877929688,886.7000122070312,826.2999877929688,839.0,3262818
2025-05-09,811.0,834.5999755859375,806.0999755859375,827.0999755859375,2639860
2025-05-12,860.0,897.6500244140625,851.0499877929688,894.2999877929688,3286835
2025-05-13,890.0,908.9000244140625,885.25,904.2000122070312,2246532
2025-05-14,903.9500122070312,903.9500122070312,886.0,890.7999877929688,1929234
2025-05-15,894.9500122070312,913.5499877929688,884.0499877929688,910.7999877929688,1755815
2025-05-16,912.0999755859375,934.75,908.0499877929688,915.0499877929688,2288025
2025-05-19,920.0,920.7999877929688,886.0,888.9000244140625,2120510
2025-05-20,894.4500122070312,897.5499877929688,866.5499877929688,869.75,1301836
2025-05-21,869.9000244140625,881.0,860.5,872.1500244140625,1239047
2025-05-22,869.0,886.4000244140625,864.3499755859375,879.0,1121955
2025-05-23,884.5,884.5,871.0999755859375,876.5499877929688,816889
2025-05-26,877.9500122070312,891.0,875.9000244140625,878.7000122070312,966027
2025-05-27,880.0,890.4000244140625,874.25,879.1500244140625,1772369
2025-05-28,881.7999877929688,890.8499755859375,865.75,869.0,990253
2025-05-29,877.7000122070312,898.2000122070312,869.4000244140625,880.9500122070312,2045238
2025-05-30,881.0499877929688,889.4500122070312,862.0,867.2000122070312,1258500
2025-06-02,874.7999877929688,888.2000122070312,872.0499877929688,874.8499755859375,1911879
2025-06-03,876.5499877929688,877.75,854.0,856.5499877929688,5811649
2025-06-04,860.5,873.5,851.5499877929688,866.0,5947467
2025-06-05,869.9500122070312,883.0,864.0499877929688,872.2000122070312,5723306
2025-06-06,875.6500244140625,892.5,872.4500122070312,884.0999755859375,6679702
2025-06-09,888.5,908.4000244140625,876.0,901.4000244140625,6802393
2025-06-10,907.1500244140625,921.0,896.4500122070312,915.5,8134942
2025-06-11,919.8499755859375,924.3499755859375,895.0,904.5,5473555
2025-06-12,908.4000244140625,909.9500122070312,868.0499877929688,876.9500122070312,3852260
2025-06-13,860.0,871.75,851.7000122070312,861.0,4262332
2025-06-16,861.0,871.0,849.4500122070312,865.7000122070312,2424281
2025-06-17,866.0,867.3499755859375,846.0499877929688,848.8499755859375,1247192
2025-06-18,848.9500122070312,858.5499877929688,834.5999755859375,846.4500122070312,1943400
2025-06-19,845.0,849.0499877929688,818.0,823.5999755859375,1666745
2025-06-20,826.0,840.9000244140625,823.3499755859375,828.0999755859375,6345674
2025-06-23,817.9500122070312,842.5499877929688,817.7999877929688,837.2000122070312,1079104
2025-06-24,852.0,866.5999755859375,848.0,851.8499755859375,1922183
2025-06-25,856.3499755859375,863.7000122070312,847.0499877929688,850.2000122070312,2316935
2025-06-26,854.25,866.5,851.0,864.75,2717149
2025-06-27,865.0,900.8499755859375,863.0,883.7000122070312,3118143
2025-06-30,886.0,887.4500122070312,874.7000122070312,881.75,1673237
2025-07-01,884.0,892.2999877929688,871.0,872.4000244140625,1874380
2025-07-02,876.0,888.8499755859375,869.4000244140625,878.7999877929688,2946152
2025-07-03,878.8499755859375,882.1500244140625,867.5499877929688,875.25,3905266
2025-07-04,875.7999877929688,884.0,867.1500244140625,877.2000122070312,4081958
2025-07-07,876.0,887.5499877929688,871.0499877929688,883.3499755859375,3740997
2025-07-08,886.0,892.5,876.0,881.25,2733928
2025-07-09,886.7000122070312,904.5,885.5499877929688,890.1500244140625,3094384
2025-07-10,893.9000244140625,907.7000122070312,887.0,891.0499877929688,1367248
2025-07-11,894.0,895.5499877929688,869.0999755859375,874.0499877929688,989521
2025-07-14,876.7999877929688,886.5499877929688,867.2999877929688,880.5,857740
2025-07-15,881.0,887.7999877929688,873.2999877929688,879.75,767520
2025-07-16,880.5,886.8499755859375,875.0499877929688,876.5999755859375,593638
2025-07-17,879.9500122070312,884.0,872.0,873.3499755859375,614709
2025-07-18,876.9000244140625,882.9500122070312,867.0,869.3499755859375,1444579
2025-07-21,870.9500122070312,881.0,862.0999755859375,871.6500244140625,833172
2025-07-22,876.0,879.7999877929688,864.2000122070312,867.2000122070312,650289
2025-07-23,871.7000122070312,874.0999755859375,861.5,863.0999755859375,724832
2025-07-24,868.0,868.0,844.0499877929688,849.0499877929688,2179235
2025-07-25,853.3499755859375,856.7000122070312,812.1500244140625,817.1500244140625,1813942
2025-07-28,819.7000122070312,827.7999877929688,813.0,815.9500122070312,831296
2025-07-29,819.0,830.5499877929688,800.3499755859375,826.9500122070312,1171033
2025-07-30,834.0,834.0,821.6500244140625,823.9000244140625,438934
2025-07-31,812.0499877929688,821.4500122070312,806.5499877929688,808.4000244140625,1026102
2025-08-01,810.0999755859375,817.5999755859375,791.0999755859375,793.0499877929688,945768
2025-08-04,796.9500122070312,803.2000122070312,793.0499877929688,799.5499877929688,909667
2025-08-05,803.2000122070312,804.7000122070312,782.0999755859375,802.0499877929688,1100031
2025-08-06,802.0999755859375,802.1500244140625,779.0499877929688,791.0999755859375,15323608
2025-08-07,788.0,796.2000122070312,769.0499877929688,794.5999755859375,2218077
2025-08-08,794.6500244140625,806.3499755859375,786.4000244140625,790.1500244140625,7822530
2025-08-11,788.0,799.9500122070312,785.7999877929688,792.0,950117
2025-08-12,793.0,801.1500244140625,784.2999877929688,786.75,658384
2025-08-13,793.0,795.6500244140625,782.0,786.2999877929688,536807
2025-08-14,788.1500244140625,791.9000244140625,774.4500122070312,775.7999877929688,6581262
2025-08-18,787.0,821.6500244140625,783.0,818.75,1776385
2025-08-19,818.75,831.9000244140625,813.0499877929688,828.2000122070312,967227
2025-08-20,828.2000122070312,831.6500244140625,822.2000122070312,824.2000122070312,381123
2025-08-21,825.0,829.2000122070312,812.0,815.1500244140625,558969
2025-08-22,815.1500244140625,816.0,795.2000122070312,800.1500244140625,537046
2025-08-25,805.0,807.8499755859375,795.0499877929688,805.75,718727
2025-08-26,801.0999755859375,803.4500122070312,787.75,788.6500244140625,501821
2025-08-28,786.0,793.0,767.2999877929688,770.9500122070312,891046
2025-08-29,775.4000244140625,776.4000244140625,759.25,764.1500244140625,1341814
2025-09-01,770.1500244140625,777.5999755859375,763.2999877929688,766.6500244140625,891853
2025-09-02,772.9000244140625,772.9500122070312,761.2000122070312,763.0499877929688,567133
2025-09-03,768.9000244140625,768.9000244140625,760.0999755859375,763.7000122070312,565805
2025-09-04,771.0,775.25,757.0,758.3499755859375,514778
2025-09-05,759.0,761.4500122070312,744.9000244140625,755.9500122070312,880798
2025-09-08,760.0,777.9500122070312,757.6500244140625,776.25,769043
2025-09-09,780.0999755859375,795.7999877929688,773.5499877929688,794.1500244140625,1363001
2025-09-10,794.1500244140625,816.5499877929688,792.0499877929688,811.75,1040743
2025-09-11,814.0,838.5,811.5999755859375,813.7000122070312,1366037
2025-09-12,817.3499755859375,831.2999877929688,812.5999755859375,829.9000244140625,1214068
2025-09-15,834.0,843.4000244140625,830.0499877929688,837.1500244140625,1406308
2025-09-16,840.8499755859375,846.0,831.5999755859375,836.5499877929688,718132
2025-09-17,840.0,840.0499877929688,825.25,826.4500122070312,489102
2025-09-18,827.0499877929688,845.7999877929688,824.2999877929688,837.5999755859375,971044
2025-09-19,865.0,899.0,855.2000122070312,877.1500244140625,8119554
2025-09-22,881.4500122070312,957.9000244140625,873.4500122070312,937.4000244140625,17999962
2025-09-23,941.5,949.2000122070312,915.0499877929688,925.0999755859375,4308383
2025-09-24,920.9000244140625,924.7999877929688,887.0499877929688,889.0,2938215
2025-09-25,889.0,907.0,881.0999755859375,894.2000122070312,2438224
2025-09-26,898.0,899.6500244140625,875.0,879.2000122070312,1824641
2025-09-29,880.0499877929688,887.2999877929688,869.5,871.75,1053287
2025-09-30,872.9500122070312,876.5,860.4000244140625,872.25,795182
2025-10-01,876.4000244140625,900.0,870.0999755859375,896.3499755859375,1049954
2025-10-03,898.5,920.0,892.2999877929688,916.3499755859375,1376240
2025-10-06,918.0,928.7000122070312,913.2000122070312,926.6500244140625,1046097
2025-10-07,927.0,945.0499877929688,917.0,919.0,1341521
2025-10-08,923.4500122070312,926.9000244140625,908.1500244140625,914.0,662712
2025-10-09,918.0,938.7999877929688,913.7000122070312,931.9500122070312,2119876
2025-10-10,931.8499755859375,932.9500122070312,915.0,925.8499755859375,974648
2025-10-13,925.8499755859375,942.7999877929688,920.8499755859375,937.6500244140625,1291551
2025-10-14,937.6500244140625,942.0,919.2999877929688,933.75,1252636
2025-10-15,930.75,949.0,920.5,944.2000122070312,1555720
2025-10-16,947.4500122070312,959.0,945.0,947.9500122070312,1243155
2025-10-17,940.0499877929688,950.0,926.0999755859375,929.7000122070312,5349446
2025-10-20,929.75,940.0,927.0,937.0499877929688,660903
2025-10-21,944.9500122070312,945.0,930.2999877929688,936.4500122070312,149680
2025-10-23,938.0,956.0,934.8499755859375,952.4000244140625,2360876
2025-10-24,956.0,956.0,937.5499877929688,944.25,1131330
2025-10-27,945.2000122070312,951.7999877929688,942.0,946.3499755859375,562332
2025-10-28,941.0,943.5999755859375,918.2999877929688,921.2000122070312,1635066
2025-10-29,928.0499877929688,983.5,917.9500122070312,967.5499877929688,6202463
2025-10-30,971.9000244140625,972.5999755859375,950.0999755859375,965.6500244140625,970141
2025-10-31,970.7999877929688,1004.0,960.0999755859375,986.2000122070312,2484075
2025-11-03,987.0,1005.9000244140625,975.5,994.5499877929688,1679026
2025-11-04,999.0499877929688,1011.0,976.6500244140625,985.9000244140625,1710963
2025-11-06,985.9000244140625,994.5999755859375,962.7999877929688,968.1500244140625,1064046
2025-11-07,966.8499755859375,973.7000122070312,945.2000122070312,960.5999755859375,1384632
2025-11-10,965.5499877929688,972.5,955.0999755859375,959.1500244140625,674839
2025-11-11,960.1500244140625,994.4500122070312,947.2999877929688,989.2999877929688,1703879
2025-11-12,989.3499755859375,1021.5999755859375,986.0,1001.9000244140625,1704880
2025-11-13,1003.2000122070312,1035.75,998.3499755859375,1021.4000244140625,2163072
2025-11-14,1027.0,1050.0,1017.0,1023.8499755859375,2190871
2025-11-17,1025.5,1029.0,1011.8499755859375,1021.5499877929688,837345
2025-11-18,1023.7999877929688,1036.0,1017.75,1026.6500244140625,1175321
2025-11-19,1032.0,1044.0,1002.2000122070312,1006.25,1574241
2025-11-20,1014.0,1014.0,989.0,993.5999755859375,852319
2025-11-21,993.3499755859375,996.8499755859375,972.75,974.7999877929688,815816
2025-11-24,979.0,983.9000244140625,967.5999755859375,970.1500244140625,774740
2025-11-25,970.0,977.5,965.75,971.5,504028
2025-11-26,975.9500122070312,998.0,974.7000122070312,991.2000122070312,646270
2025-11-27,992.5999755859375,994.1500244140625,974.0,984.3499755859375,868201
2025-11-28,988.7000122070312,1001.0,977.9000244140625,994.5499877929688,827939
2025-12-01,999.0,1007.4000244140625,991.5999755859375,999.0999755859375,1516456
2025-12-02,1002.9000244140625,1007.9000244140625,974.0499877929688,976.9500122070312,1497092
2025-12-03,976.9500122070312,981.7999877929688,960.0,969.5,772602
2025-12-04,970.0,979.25,965.5999755859375,971.7000122070312,612340
2025-12-05,971.6500244140625,980.9500122070312,961.0999755859375,978.8499755859375,545222
2025-12-08,978.8499755859375,982.0,949.2999877929688,960.5,1414070
2025-12-09,954.5,976.9500122070312,946.3499755859375,974.5999755859375,891748
2025-12-10,979.4000244140625,1004.0,975.5999755859375,982.5499877929688,1831768
2025-12-11,986.0,1005.0,979.0,999.5999755859375,1271880
2025-12-12,1000.0499877929688,1016.3499755859375,998.7999877929688,1011.2999877929688,2110784
2025-12-15,1014.4000244140625,1020.0,1007.0499877929688,1016.4500122070312,887627
2025-12-16,1009.6500244140625,1014.7000122070312,988.2000122070312,994.2999877929688,742084
2025-12-17,990.0,995.0,971.0999755859375,977.5499877929688,742531
2025-12-18,977.5,988.8499755859375,969.0,976.2999877929688,753721
2025-12-19,977.4000244140625,990.9500122070312,971.6500244140625,988.25,2708958
2025-12-22,988.25,1010.0,984.7999877929688,1007.9000244140625,487354
2025-12-23,1009.75,1013.8499755859375,988.2999877929688,994.5999755859375,597753
2025-12-24,996.25,1007.0,990.0999755859375,996.5499877929688,317485
2025-12-26,996.0999755859375,1020.4000244140625,991.0999755859375,1015.2999877929688,894166
2025-12-29,1020.2999877929688,1023.0499877929688,996.0999755859375,999.3499755859375,453491
2025-12-30,1000.4000244140625,1028.199951171875,996.2999877929688,1024.1500244140625,879685
2025-12-31,1024.1500244140625,1033.0,1014.5999755859375,1027.3499755859375,663080
2026-01-01,1029.0,1061.699951171875,1026.300048828125,1046.4000244140625,2771177
2026-01-02,1056.9000244140625,1067.699951171875,1050.199951171875,1057.9000244140625,1370725
2026-01-05,1054.699951171875,1057.699951171875,1040.0,1044.9000244140625,783498
2026-01-06,1048.9000244140625,1057.0,1036.4000244140625,1044.0999755859375,957872
2026-01-07,1043.300048828125,1047.9000244140625,1028.4000244140625,1033.5,489225
2026-01-08,1032.0,1032.0,988.0,994.2999877929688,1182605
2026-01-09,996.0,999.0999755859375,952.0,960.5999755859375,967758
2026-01-12,960.5999755859375,960.5999755859375,928.0,950.9000244140625,1341852
2026-01-13,963.0999755859375,963.0999755859375,923.0999755859375,932.5,1847216
2026-01-14,937.0,937.0,918.5999755859375,922.5999755859375,1589464
2026-01-15,922.5999755859375,922.5999755859375,922.5999755859375,922.5999755859375,0
2026-01-16,922.5,929.5999755859375,902.7000122070312,908.7000122070312,1741275
2026-01-19,908.7000122070312,921.0,902.2999877929688,908.4000244140625,923693
2026-01-20,915.0999755859375,928.7999877929688,881.0,885.5,1936179
2026-01-21,885.0,907.9000244140625,876.2999877929688,899.2999877929688,1645912
2026-01-22,904.2000122070312,932.9000244140625,904.2000122070312,924.7999877929688,979746
2026-01-23,925.0,925.0,803.0999755859375,812.7000122070312,7623697
2026-01-27,830.0,857.5,811.2999877929688,849.0999755859375,3675055
2026-01-28,857.0,886.0,838.0,882.0,1896173
2026-01-29,881.9000244140625,920.5,867.0,914.0999755859375,2161176
2026-01-30,900.0,916.0,883.2000122070312,894.7999877929688,1140000
2026-02-02,849.9000244140625,890.0,842.7999877929688,884.5999755859375,1530800
2026-02-03,951.0,982.7000122070312,937.2000122070312,974.4000244140625,5085074
2026-02-04,961.5499877929688,1002.1500244140625,957.7000122070312,988.1500244140625,1645647
2026-02-05,980.0,1016.5,980.0,1011.4500122070312,1770119
2026-02-06,1010.4000244140625,1025.949951171875,1001.5,1017.7000122070312,1811726
2026-02-09,1023.7999877929688,1040.0,1023.2999877929688,1032.5,1002729
2026-02-10,1033.9000244140625,1033.9000244140625,1002.5,1016.75,1014007
2026-02-11,1014.0,1037.0,1009.8499755859375,1033.800048828125,929372
2026-02-12,1030.0,1037.0,1020.0,1022.7999877929688,772484
2026-02-13,1017.0,1017.0,979.0,988.0,1657616
2026-02-16,977.0,1007.5,972.2999877929688,1003.4500122070312,976113
2026-02-17,1002.0,1035.0,996.0,1030.199951171875,1460922
2026-02-18,1033.550048828125,1038.800048828125,1018.2999877929688,1035.699951171875,565965
2026-02-19,1035.0,1036.0999755859375,1003.2999877929688,1007.2000122070312,917451
2026-02-20,995.0499877929688,1010.2999877929688,984.3499755859375,998.0999755859375,2534563
2026-02-23,1003.0999755859375,1010.0,993.1500244140625,1003.7999877929688,1266712
2026-02-24,999.75,1045.0,993.7000122070312,1037.0999755859375,1356273
2026-02-25,1041.0,1051.800048828125,1007.5499877929688,1013.0,1394329
2026-02-26,1023.2000122070312,1036.199951171875,1009.0,1023.9500122070312,1114743
2026-02-27,1022.0,1034.4000244140625,1008.0,1011.5499877929688,702337
2026-03-02,961.0,988.0,951.0,972.2999877929688,1362542
2026-03-04,956.4000244140625,968.5,948.7999877929688,960.5,1778566
2026-03-05,965.4000244140625,994.0,965.4000244140625,987.9000244140625,1006629
2026-03-06,980.0,1007.7000122070312,979.7999877929688,992.5,1529030
2026-03-09,970.5,986.9000244140625,958.0999755859375,981.4000244140625,1176014
2026-03-10,993.0999755859375,1022.5,980.7000122070312,1013.5999755859375,2120819
2026-03-11,1010.0,1031.5999755859375,987.4000244140625,992.0,858594
2026-03-12,987.0,1019.0,976.0,1004.4000244140625,1132800
2026-03-13,1008.0999755859375,1027.300048828125,980.0,992.2999877929688,2240508
2026-03-16,987.5,1014.2999877929688,969.9000244140625,996.5,1628015
2026-03-17,1008.5999755859375,1008.5999755859375,972.0,1000.5999755859375,1607115
2026-03-18,1000.0,1043.800048828125,1000.0,1036.699951171875,1643508
2026-03-19,1014.5,1025.9000244140625,999.0999755859375,1005.2999877929688,719181
2026-03-20,1022.9000244140625,1043.0,1005.5999755859375,1009.9000244140625,1871563
2026-03-23,1000.0,1000.9000244140625,935.7000122070312,946.9000244140625,8950325
2026-03-24,970.0999755859375,976.2999877929688,935.4000244140625,967.2999877929688,2325440
2026-03-25,971.9000244140625,999.0,970.2999877929688,990.4000244140625,1256696
2026-03-27,985.0,986.0,953.5,956.0,1357130
2026-03-30,950.2000122070312,957.5999755859375,930.2999877929688,934.9000244140625,1714851
2026-04-01,953.9500122070312,982.4500122070312,947.0999755859375,956.5999755859375,1333686
2026-04-02,940.0,946.5499877929688,903.1500244140625,941.5999755859375,1748061
2026-04-06,941.9000244140625,999.6500244140625,936.0999755859375,991.3499755859375,2083508
2026-04-07,988.0999755859375,999.5,975.0,986.25,1498986
2026-04-08,1019.9000244140625,1084.8499755859375,1014.0499877929688,1073.300048828125,4475280
2026-04-09,1073.199951171875,1085.0,1052.800048828125,1078.75,2130340
2026-04-10,1079.9000244140625,1160.4000244140625,1079.300048828125,1157.9000244140625,7933292
2026-04-13,1120.0,1187.25,1114.199951171875,1175.300048828125,4050611
2026-04-15,1195.0,1205.699951171875,1165.199951171875,1171.1500244140625,2053037
2026-04-16,1182.1500244140625,1229.5,1172.1500244140625,1222.5999755859375,3144521
2026-04-17,1234.550048828125,1266.449951171875,1221.5999755859375,1259.800048828125,4943744
2026-04-20,1253.0999755859375,1291.5,1246.3499755859375,1259.4000244140625,2335390
2026-04-21,1268.3499755859375,1273.0999755859375,1243.550048828125,1265.300048828125,1655410
2026-04-22,1269.5,1383.4000244140625,1265.300048828125,1368.0999755859375,6551573
2026-04-23,1365.0,1389.449951171875,1338.6500244140625,1361.25,4049540
2026-04-24,1359.949951171875,1425.0,1282.4000244140625,1411.949951171875,7928505
2026-04-27,1425.0,1453.199951171875,1388.300048828125,1435.800048828125,5533751
2026-04-28,1439.9000244140625,1463.6500244140625,1413.1500244140625,1435.449951171875,3082735
2026-04-29,1439.0,1461.949951171875,1412.0,1418.1500244140625,2356863
2026-04-30,1336.0,1377.0999755859375,1308.0,1342.25,6547437
2026-05-01,1342.25,1342.25,1342.25,1342.25,0
2026-05-04,1357.0,1417.699951171875,1329.300048828125,1398.4000244140625,3745191
2026-05-05,1394.5999755859375,1438.0,1377.0,1409.5999755859375,5440472
2026-05-06,1411.0,1422.0,1389.0999755859375,1407.300048828125,3076159
2026-05-07,1406.699951171875,1410.699951171875,1370.0,1387.0999755859375,2818342
2026-05-08,1390.0,1397.0,1346.0,1353.5999755859375,3113343
2026-05-11,1350.800048828125,1357.800048828125,1298.5,1340.4000244140625,4535753
2026-05-12,1340.4000244140625,1364.800048828125,1258.300048828125,1284.300048828125,4849640
2026-05-13,1257.800048828125,1334.800048828125,1236.5999755859375,1318.199951171875,4691091
2026-05-14,1329.9000244140625,1342.0,1295.0,1319.0999755859375,3931057
2026-05-15,1365.0,1365.0,1276.300048828125,1303.5999755859375,4283369
2026-05-18,1295.0,1334.5,1248.199951171875,1328.300048828125,4008711
2026-05-19,1345.0,1361.0999755859375,1311.300048828125,1329.5,3103779
2026-05-20,1319.0,1359.800048828125,1307.5,1346.0999755859375,2786130
2026-05-21,1356.0,1395.0,1332.0999755859375,1342.199951171875,3223315
2026-05-22,1365.0,1391.800048828125,1363.0999755859375,1367.9000244140625,3344194
2026-05-25,1381.199951171875,1412.0,1357.5999755859375,1404.300048828125,3046325
2026-05-26,1405.0,1489.0,1397.5999755859375,1463.300048828125,6172118
2026-05-27,1485.0,1558.800048828125,1475.0999755859375,1540.0999755859375,7841736
2026-05-28,1540.0999755859375,1540.0999755859375,1540.0999755859375,1540.0999755859375,0
2026-05-29,1557.0999755859375,1578.5,1504.0,1513.300048828125,3353166
2026-06-01,1521.800048828125,1524.0,1486.5,1496.5,2692605
2026-06-02,1494.199951171875,1536.800048828125,1475.5,1530.5999755859375,2826067
2026-06-03,1531.5,1532.0,1445.0,1493.0999755859375,4433558
2026-06-04,1492.0,1526.800048828125,1482.9000244140625,1520.0,2706265
2026-06-05,1528.4000244140625,1591.4000244140625,1527.0,1579.0,5528998
2026-06-08,1558.9000244140625,1614.800048828125,1535.0999755859375,1570.4000244140625,6296050
2026-06-09,1597.4000244140625,1599.0,1558.0,1579.199951171875,3013275
2026-06-10,1580.0,1580.699951171875,1521.4000244140625,1535.5999755859375,2286852
2026-06-11,1532.9000244140625,1541.5,1460.800048828125,1466.699951171875,2013886
2026-06-12,1499.0,1509.0,1477.0,1489.5999755859375,1607528
2026-06-15,1506.9000244140625,1534.800048828125,1486.0999755859375,1491.9000244140625,1914035
2026-06-16,1498.0,1519.0,1475.5,1491.0999755859375,1686111
2026-06-17,1494.699951171875,1496.300048828125,1470.0,1491.0,1270712
2026-06-18,1493.0,1540.0,1483.5,1523.300048828125,1942444
2026-06-19,1530.0,1540.0,1496.9000244140625,1507.4000244140625,2482204
2026-06-22,1515.0,1544.4000244140625,1496.0999755859375,1539.4000244140625,1683730
2026-06-23,1547.199951171875,1551.0,1480.0,1493.699951171875,1788461
2026-06-24,1499.0,1522.5,1482.4000244140625,1495.9000244140625,1290346
2026-06-25,1509.0,1531.0,1500.5,1507.800048828125,1235265
2026-06-26,1507.800048828125,1507.800048828125,1507.800048828125,1507.800048828125,0
2026-06-29,1505.0,1505.0,1465.0,1486.4000244140625,7707203
2026-06-30,1494.0,1499.199951171875,1471.0,1491.4000244140625,2175583
2026-07-01,1491.4000244140625,1536.699951171875,1470.0,1521.4000244140625,2095932
2026-07-02,1524.9000244140625,1570.300048828125,1495.9000244140625,1556.9000244140625,2583245
2026-07-03,1562.0,1579.0,1514.0,1568.800048828125,2845542
2026-07-06,1580.0,1650.699951171875,1571.0,1622.800048828125,4892061
2026-07-07,1637.699951171875,1663.9000244140625,1616.0,1651.0,4092032
2026-07-08,1639.699951171875,1712.0,1632.5,1655.5,4413139
2026-07-09,1660.5,1685.0,1610.0999755859375,1618.5,2379388
2026-07-10,1635.0,1683.800048828125,1621.199951171875,1654.0,1603768
2026-07-13,1651.0,1667.199951171875,1634.0,1644.5999755859375,1062110
2026-07-14,1644.0999755859375,1713.9000244140625,1636.5999755859375,1690.300048828125,2237295
2026-07-15,1700.0,1704.300048828125,1666.4000244140625,1678.0,1169341
2026-07-16,1689.0999755859375,1744.0,1685.5999755859375,1689.5,2839672
2026-07-17,1700.0,1757.699951171875,1690.5,1722.5999755859375,2898703
